side,ip,money,logintimes,name,重複推噓次數,post,school,nickname,id
good,39.9.148.124,,3531,"['OmegaWind', '換季了']",1,2525,False,換季了,OmegaWind
good,36.232.33.46,,4686,"['davidbright', '^ ^']",1,766,False,^ ^,davidbright
good,42.72.165.38,,876,"['uruzu007', '放蕩的約翰']",1,3,False,放蕩的約翰,uruzu007
good,175.182.112.50,,1440,"['Alicia00', 'Alicia']",1,23,False,Alicia,Alicia00
good,68.234.182.196,,2623,"['gn02561792', 'WU']",1,84,False,WU,gn02561792
good,42.73.162.146,,3665,"['little1011', 'Q毛']",1,384,False,Q毛,little1011
good,218.166.93.199,,546,"['k6109054', 'Sowhyz']",1,2,False,Sowhyz,k6109054
good,218.164.7.145,,997,"['wp972160', '新手上路']",1,50,False,新手上路,wp972160
good,223.141.13.132,,2084,"['devil66', 'Fan']",1,4,False,Fan,devil66
good,117.19.34.88,,441,"['KizunaHoshin', '必青']",3,0,False,必青,KizunaHoshin
good,140.112.206.168,,1495,"['fleao', 'Squirrel']",1,98,國立臺灣大學,Squirrel,fleao
good,140.112.248.176,,2367,"['hg7318480', '夢漫廷']",1,213,國立臺灣大學,夢漫廷,hg7318480
good,1.160.153.205,,2290,"['naminono', '奈米諾諾']",1,394,False,奈米諾諾,naminono
good,180.206.3.198,,2785,"['r0809054054', '大蒂']",1,24,False,大蒂,r0809054054
good,111.252.239.17,,1806,"['Ycosmos', 'cosmos']",1,161,False,cosmos,Ycosmos
good,223.139.186.17,,4021,"['shyuwu', 'El Cid']",1,920,False,El Cid,shyuwu
good,223.141.166.253,,2374,"['rexoui', 'TastyPotato']",1,0,False,TastyPotato,rexoui
good,118.21.8.73,,231,"['livlin', '衣服零']",4,97,False,衣服零,livlin
good,122.118.7.227,,3160,"['Asster', '快被風乾的橘子']",1,6,False,快被風乾的橘子,Asster
good,49.214.241.141,,1644,"['waythecsir', '睡覺睡到地板上']",1,69,False,睡覺睡到地板上,waythecsir
good,36.230.35.208,,1124,"['suifong', '小火柴']",1,3,False,小火柴,suifong
good,42.66.46.196,,698,"['Dkuei', '貴']",1,13,False,貴,Dkuei
good,42.73.150.4,,3745,"['simdavid', '涼小麵']",2,258,False,涼小麵,simdavid
good,146.96.252.3,,2404,"['redsa12', '哈吉米']",2,186,False,哈吉米,redsa12
good,182.234.134.173,,1011,"['aliaoer', '好想好想飛']",8,15,False,好想好想飛,aliaoer
good,111.240.213.43,,2867,"['largea', '大Ａ']",1,169,False,大Ａ,largea
good,111.83.168.74,,672,"['ask865134', '德州家康']",1,50,False,德州家康,ask865134
good,114.34.119.18,,3250,"['salvador1988', 'Mr.Owl']",10,67,False,Mr.Owl,salvador1988
good,39.8.237.187,,1183,"['g1898001', '布雷克']",1,5,False,布雷克,g1898001
good,59.115.190.152,,4952,"['eipduolc', '松尾健太']",1,1467,False,松尾健太,eipduolc
good,114.47.168.136,,3456,"['shadowdio', '']",1,57,False,,shadowdio
good,37.160.183.189,,1382,"['ringo10562', '野人王']",1,6,False,野人王,ringo10562
good,140.114.123.147,,1085,"['JingYun', '我只有八歲']",1,3,國立清華大學,我只有八歲,JingYun
good,61.70.250.120,,1720,"['mimihi', '耳朵與火']",1,26,False,耳朵與火,mimihi
good,1.160.62.253,,2876,"['sasaki0327', 'SASAKI']",1,33,False,SASAKI,sasaki0327
good,117.19.103.216,,473,"['cftyujmnbvgh', 'cftyujmnbvgh']",2,2,False,cftyujmnbvgh,cftyujmnbvgh
good,223.137.138.132,,391,"['boocs', 'KD']",1,1,False,KD,boocs
good,49.217.216.131,,192,"['elacon', '意外的閒暇...']",1,3,False,意外的閒暇...,elacon
good,123.194.167.186,,371,"['keybee', '鑰匙蜜蜂']",1,1,False,鑰匙蜜蜂,keybee
good,118.169.170.38,,301,"['ltsart0515', '阿毛仔']",1,0,False,阿毛仔,ltsart0515
good,140.114.217.18,,380,"['Evlstn', 'Evlstn']",1,1,國立清華大學,Evlstn,Evlstn
good,140.112.4.206,,1261,"['jamielo', 'Excelsior']",1,100,國立臺灣大學,Excelsior,jamielo
good,180.217.204.106,,1121,"['moonstarxs', '']",1,88,False,,moonstarxs
good,114.41.57.182,,3282,"['sandpool', 'sadpool']",1,15,False,sadpool,sandpool
good,223.143.31.93,,4056,"['sillycloud', '若且為若-犀利雲']",2,71,False,若且為若-犀利雲,sillycloud
good,114.41.57.231,,996,"['ro77289', 'ro77289']",1,1,False,ro77289,ro77289
good,72.57.172.84,,940,"['taijap0811', '風馬牛']",1,170,False,風馬牛,taijap0811
good,223.140.104.252,,1786,"['Jassss', 'Jass']",3,77,False,Jass,Jassss
good,36.233.28.194,,375,"['Gosen', 'ˋˇˊ']",1,18,False,ˋˇˊ,Gosen
good,124.11.69.92,,2985,"['youngzi', 'youngzi']",1,72,False,youngzi,youngzi
good,114.45.180.85,,5992,"['LCamel', 'LCamel']",1,175,False,LCamel,LCamel
good,220.135.246.183,,4298,"['jokker', '微雨從東來']",1,421,False,微雨從東來,jokker
good,1.170.197.156,,6726,"['FlashMan', '央行是現代丁添廖']",1,495,False,央行是現代丁添廖,FlashMan
good,110.28.21.144,,3113,"['v71082', '澈']",1,274,False,澈,v71082
good,114.36.152.35,,2170,"['abellea85209', '阿比利亞']",4,108,False,阿比利亞,abellea85209
good,42.72.182.29,,2118,"['ww11ww22', '那年的17歲']",1,1,False,那年的17歲,ww11ww22
good,223.139.203.233,,3473,"['BMHSEA', 'Ciao']",1,207,False,Ciao,BMHSEA
good,61.230.142.163,,2533,"['geep', '打西']",1,19,False,打西,geep
good,118.165.67.95,,3720,"['genniehuang', 'Channie']",1,115,False,Channie,genniehuang
good,223.136.251.118,,3629,"['lolicone', '( ⑸ )  ']",1,150,False,( ⑸ )  ,lolicone
good,220.135.71.16,,702,"['apple30341', '玩具']",1,15,False,玩具,apple30341
good,223.137.174.251,,891,"['snyk', 'BMI 48']",1,413,False,BMI 48,snyk
good,1.34.146.59,,4301,"['ddar', '白馬~~馬力夯.....@@']",1,1488,False,白馬~~馬力夯.....@@,ddar
good,114.39.158.99,,980,"['yu800910', '掃地娘']",3,18,False,掃地娘,yu800910
good,223.140.139.83,,688,"['leanniii', 'Leanne']",1,0,False,Leanne,leanniii
good,114.38.139.64,,4378,"['arcc', 'arc']",1,13,False,arc,arcc
good,36.239.133.134,,1102,"['sanachen', 'sana']",39,47,False,sana,sanachen
good,36.234.89.183,,633,"['oreo2527', 'Oreo']",1,0,False,Oreo,oreo2527
good,223.139.239.106,,1970,"['coldeath', '海賊王']",1,102,False,海賊王,coldeath
good,223.139.250.177,,4004,"['saluy', '安粉心靈極度脆弱']",5,77,False,安粉心靈極度脆弱,saluy
good,49.216.147.181,,1802,"['everfree', '不犀利人妻']",1,33,False,不犀利人妻,everfree
good,111.184.183.232,,3522,"['manabi', '瑪娜比']",1,173,False,瑪娜比,manabi
good,110.30.134.194,,3107,"['bewritten', '被寫']",1,470,False,被寫,bewritten
good,42.72.86.207,,236,"['ur8ru8', 'ur8ru8']",1,0,False,ur8ru8,ur8ru8
good,123.194.225.66,,3202,"['mao0104', '花']",1,74,False,花,mao0104
good,1.161.22.105,,598,"['ccc19650', '5yanci']",1,0,False,5yanci,ccc19650
good,27.105.221.209,,554,"['J0825N', '呱呱']",1,75,False,呱呱,J0825N
good,42.78.58.106,,6104,"['Cathay', '前意識潰堤']",1,889,False,前意識潰堤,Cathay
good,111.184.42.159,,2860,"['willy333', '冶琦']",1,67,False,冶琦,willy333
good,175.181.187.238,,479,"['libido', '立']",1,2,False,立,libido
good,101.8.193.121,,1620,"['plains', '萬年潛水魚']",1,25,False,萬年潛水魚,plains
good,36.224.9.119,,1075,"['sasuka9985', 'CoKEsan']",1,56,False,CoKEsan,sasuka9985
good,223.140.118.157,,3855,"['huangshinwen', '.....']",1,286,False,.....,huangshinwen
good,114.32.136.193,,957,"['wina401', 'DaiDai']",3,2,False,DaiDai,wina401
good,106.105.29.143,,1078,"['raikataiwan', 'raika']",1,46,False,raika,raikataiwan
good,36.224.173.192,,4282,"['tigerzz3', 'CC']",4,56,False,CC,tigerzz3
good,114.45.79.70,,728,"['thrry0524', '騎士']",1,10,False,騎士,thrry0524
good,61.70.217.238,,1885,"['turbomons', 'Τ/ta  \x08\x08/']",1,1118,False,Τ/ta  /,turbomons
good,1.171.134.69,,1176,"['nickss', '一見誤終身']",1,90,False,一見誤終身,nickss
good,218.164.41.169,,545,"['a892842486', 'Bamuyuer']",1,0,False,Bamuyuer,a892842486
good,1.160.60.13,5840,2952,"['icycandle', '你有壓力，我有壓力']",1,67,False,你有壓力，我有壓力,icycandle
good,101.8.114.127,,529,"['JTtart', 'JTtart']",1,1,False,JTtart,JTtart
good,42.73.143.16,,3882,"['starmiau', '皆無']",1,84,False,皆無,starmiau
good,223.137.183.95,,264,"['XXXXSOW', '城武魔法使']",1,80,False,城武魔法使,XXXXSOW
good,175.180.111.55,,2217,"['wolfking623', '卡比利亞的微笑']",1,70,False,卡比利亞的微笑,wolfking623
good,118.171.28.1,,3241,"['bobobola', '  ']",4,821,False,  ,bobobola
good,1.164.69.204,,1637,"['rebecca0904', 'Rebecca']",1,87,False,Rebecca,rebecca0904
good,124.109.113.210,,4050,"['magic1104', '美雞客']",15,272,False,美雞客,magic1104
good,118.167.25.68,,3012,"['kurosugeto', 'ㄇㄒ']",1,58,False,ㄇㄒ,kurosugeto
good,36.228.115.55,,600,"['ambivalent', 'ambivalent']",1,46,False,ambivalent,ambivalent
good,101.9.32.42,,931,"['evolution862', 'evolution862']",1,3,False,evolution862,evolution862
good,219.70.126.177,,3053,"['brian751204', '小布']",1,308,False,小布,brian751204
good,42.78.96.13,,1217,"['jeremytsai', '鬆']",1,8,False,鬆,jeremytsai
good,220.132.231.109,,3563,"['jerrypotato', 'JerryPotato']",1,916,False,JerryPotato,jerrypotato
good,118.160.155.155,,597,"['morphology', '變形國策顧問1號']",3,2,False,變形國策顧問1號,morphology
good,223.138.114.68,,351,"['earthperson', '']",1,16,False,,earthperson
good,124.6.2.163,,3645,"['ivypig27', 'ivypig']",1,126,False,ivypig,ivypig27
good,223.136.35.250,,3297,"['yasasi', '秋天']",1,37,False,秋天,yasasi
good,36.226.129.149,,1290,"['lepus064', 'BruceLinnn']",1,28,False,BruceLinnn,lepus064
good,223.136.123.22,,5386,"['Fallot', '可憐的法洛特小鬼']",1,82,False,可憐的法洛特小鬼,Fallot
good,36.233.28.194,,195,"['BerlinTiger', '柏林虎']",1,4,False,柏林虎,BerlinTiger
good,115.82.66.86,,934,"['st60307tw', '小小蘭花杆']",1,2,False,小小蘭花杆,st60307tw
good,59.126.98.195,,224,"['guligula', '咻']",1,21,False,咻,guligula
good,103.224.202.232,,647,"['b08297', '']",1,623,False,,b08297
good,180.217.5.64,,4693,"['retsuya001', '強強／晴晴']",2,1566,False,強強／晴晴,retsuya001
good,220.133.190.87,,4031,"['dapple', 'dapple']",1,99,False,dapple,dapple
good,61.230.204.34,,4794,"['annie06045', '小安']",18,966,False,小安,annie06045
good,223.137.211.218,,226,"['DF801580', '龍飛']",2,0,False,龍飛,DF801580
good,49.215.243.226,,3058,"['shin7660', 'ToC']",1,87,False,ToC,shin7660
good,39.12.3.183,,688,"['okok8723', 'BuBee']",1,3,False,BuBee,okok8723
good,27.246.197.178,,1170,"['jovi710168', 'Jovi Pon']",1,23,False,Jovi Pon,jovi710168
good,180.176.48.184,,3113,"['Nessa1103', '紫藤']",1,306,False,紫藤,Nessa1103
good,101.10.20.124,,863,"['Eribabe', 'BabeERI']",1,24,False,BabeERI,Eribabe
good,123.194.201.117,,267,"['procaryote', '原核']",1,1,False,原核,procaryote
good,218.161.29.20,,684,"['iSad5566', '神曲56']",2,54,False,神曲56,iSad5566
good,106.105.29.143,,1078,"['raikataiwan', 'raika']",1,46,False,raika,raikataiwan
good,134.208.33.39,,262,"['a2396494', '砒霜']",1,3,國立東華大學,砒霜,a2396494
good,1.163.192.203,,4422,"['aresa', '秋涼']",1,1545,False,秋涼,aresa
good,61.223.92.201,,229,"['goldenfire', '金']",9,50,False,金,goldenfire
good,42.72.10.55,,373,"['soulmoony', 'soulmoony']",1,0,False,soulmoony,soulmoony
good,112.104.33.17,,1045,"['jamiepony', '傑米小馬']",1,0,False,傑米小馬,jamiepony
good,223.139.201.83,,2261,"['RayKer', '可能']",2,95,False,可能,RayKer
good,223.137.47.77,,1996,"['gygg543', '誠懇']",1,193,False,誠懇,gygg543
good,115.82.211.166,,1019,"['woogee', 'woogee']",1,39,False,woogee,woogee
good,42.72.230.135,,429,"['nightsakura', 'NightSakura']",1,0,False,NightSakura,nightsakura
good,223.136.249.120,,2077,"['ligonsa', 'li-kong-sia?']",1,429,False,li-kong-sia?,ligonsa
good,27.246.225.38,,3306,"['fishbliss', 'Smile silently']",1,125,False,Smile silently,fishbliss
good,223.137.47.77,,1996,"['gygg543', '誠懇']",1,193,False,誠懇,gygg543
good,223.141.27.13,,3422,"['sevenqueen', '冬眠眠']",1,302,False,冬眠眠,sevenqueen
good,59.104.40.216,,1678,"['Ratalie', 'Ratalie']",1,156,False,Ratalie,Ratalie
good,42.73.195.77,,2951,"['CO2', 'c02']",20,38,False,c02,CO2
good,27.247.106.79,,945,"['tommy86114', '阿鹹']",1,137,False,阿鹹,tommy86114
good,36.225.230.151,,628,"['soulfaker', '靈魂偽造者']",1,21,False,靈魂偽造者,soulfaker
good,101.139.78.12,,2304,"['bumloveme', 'Charming']",1,212,False,Charming,bumloveme
good,140.117.197.149,,568,"['jiungwen', 'jiungwen']",1,2,國立中山大學,jiungwen,jiungwen
good,42.72.155.40,,2032,"['KadourZiani', '地球上最會灌籃的人之一']",2,83,False,地球上最會灌籃的人之一,KadourZiani
good,42.72.215.40,,701,"['yiping0210', 'yee皮']",1,36,False,yee皮,yiping0210
good,223.139.152.100,,721,"['sunjoanbaby', '揉揉~~~~']",1,25,False,揉揉~~~~,sunjoanbaby
good,125.227.42.223,,4624,"['newguest', '我不是精靈']",1,98,False,我不是精靈,newguest
good,115.82.100.213,,1613,"['Noopsfilm', '飛天遁地oopsfilm (223.1']",2,502,False,飛天遁地oopsfilm (223.1,Noopsfilm
good,115.43.170.133,,3375,"['ImBBCALL', '摳機']",4,48,False,摳機,ImBBCALL
good,167.88.26.232,,717,"['Luffi', '魯飛']",1,12,False,魯飛,Luffi
good,219.85.42.95,,1443,"['peacesignv', '小聲']",1,37,False,小聲,peacesignv
good,223.140.120.11,,3040,"['light20735', '我有嗜睡症..']",1,436,False,我有嗜睡症..,light20735
good,114.46.32.81,,1934,"['moneybuy', '']",1,2207,False,,moneybuy
good,49.216.114.24,,267,"['xxxrecoil', 'xxxrecoil']",1,1,False,xxxrecoil,xxxrecoil
good,123.193.68.9,,880,"['feanor0709', 'blackened']",3,66,False,blackened,feanor0709
good,118.168.74.68,,2833,"['sam09', '柊鏡']",1,287,False,柊鏡,sam09
good,223.136.116.229,,1362,"['Titac', 'GAGA']",1,140,False,GAGA,Titac
good,1.160.247.8,,656,"['dagreenlife', '打綠人生']",1,4,False,打綠人生,dagreenlife
good,118.171.31.129,,2680,"['acgs36', 'Shain']",1,13,False,Shain,acgs36
good,49.218.7.57,,4810,"['silentocean', '寧靜海']",2,4477,False,寧靜海,silentocean
good,36.239.133.134,,1102,"['sanachen', 'sana']",1,47,False,sana,sanachen
good,114.36.82.80,,3492,"['ShadowTime', '100%完美情人']",1,374,False,100%完美情人,ShadowTime
good,223.138.8.141,,4947,"['ueini', 'ueini']",1,13,False,ueini,ueini
good,111.83.24.39,,2313,"['paladada', '同志有情天']",1,123,False,同志有情天,paladada
good,39.10.4.96,,671,"['saureus', '花生']",2,16,False,花生,saureus
good,223.140.165.147,,713,"['johny292', '']",1,4,False,,johny292
good,42.73.133.125,,903,"['yy10322', 'yy10322']",1,7,False,yy10322,yy10322
good,153.150.177.171,,1216,"['skyrealm19', 'Ray']",1,1,False,Ray,skyrealm19
good,111.243.51.178,,773,"['wasijohn', '咖咩哈咩哈']",1,2141,False,咖咩哈咩哈,wasijohn
good,101.9.9.137,,2432,"['loveleexx', '這是哪招 !?']",1,296,False,這是哪招 !?,loveleexx
good,223.140.165.147,,713,"['johny292', '']",1,4,False,,johny292
good,1.171.49.207,,1412,"['littlehato', 'littlehato']",1,61,False,littlehato,littlehato
good,39.9.98.233,,453,"['chi1010860', '廣7']",1,1,False,廣7,chi1010860
good,111.251.90.99,,6175,"['watercolor', '我們同樣沒有名字']",1,496,False,我們同樣沒有名字,watercolor
good,60.245.65.178,,3712,"['ake83611', '北港王']",1,510,False,北港王,ake83611
good,61.230.123.199,,1203,"['ProductionIG', 'Production I.G']",1,76,False,Production I.G,ProductionIG
good,59.124.242.209,,1819,"['foxey', '痴呆小咖']",1,61,False,痴呆小咖,foxey
good,114.37.16.109,,1169,"['MMori', '摸裡']",1,32,False,摸裡,MMori
good,36.232.33.46,,4686,"['davidbright', '^ ^']",1,766,False,^ ^,davidbright
good,140.112.25.105,,375,"['dark850209', '小羽']",1,3,國立臺灣大學,小羽,dark850209
good,125.231.44.96,,245,"['mbttar25', 'nn']",4,0,False,nn,mbttar25
good,223.142.26.222,,3526,"['fantasibear', '布穀熊']",1,789,False,布穀熊,fantasibear
good,61.230.228.99,,669,"['shusei', '鍵盤小呂蒙']",1,1,False,鍵盤小呂蒙,shusei
good,114.136.55.19,,1223,"['ray81712', 'rayschung']",1,1,False,rayschung,ray81712
good,72.143.235.82,,1241,"['a06w6y7', '喝喝鹿']",1,43,False,喝喝鹿,a06w6y7
good,119.14.52.181,,5390,"['Accross', '一顆螺絲']",1,2846,False,一顆螺絲,Accross
good,114.136.29.213,,4275,"['kaojet', '鄉民可能改變世界嗎？']",1,56,False,鄉民可能改變世界嗎？,kaojet
good,36.237.113.239,,1759,"['divinemonkey', '']",2,18,False,,divinemonkey
good,42.73.61.88,,440,"['chnecklace', '嘿嘿']",1,0,False,嘿嘿,chnecklace
good,27.242.192.40,,3471,"['hueyyasu', '鴉']",1,177,False,鴉,hueyyasu
good,223.140.111.211,,1368,"['qctm', '張奇奇哈哈']",1,2,False,張奇奇哈哈,qctm
good,180.176.37.238,,416,"['SonyXperiaZ3', 'ЛЯみхдユю']",1,39,False,ЛЯみхдユю,SonyXperiaZ3
good,175.181.187.238,,479,"['libido', '立']",1,2,False,立,libido
good,118.166.25.223,,3024,"['amuro0126', '時間在攻擊自己']",1,223,False,時間在攻擊自己,amuro0126
good,114.38.180.221,,2383,"['miraclesyeah', '朝露']",2,40,False,朝露,miraclesyeah
good,123.193.64.236,,935,"['markmark09', 'markhuang']",1,0,False,markhuang,markmark09
good,49.218.116.242,,1972,"['ken12121984', 'Ken']",1,4,False,Ken,ken12121984
good,223.136.226.30,,1633,"['reason1991', 'RW']",1,0,False,RW,reason1991
good,223.143.81.207,,186,"['Hsin726', '欸取']",11,7,False,欸取,Hsin726
good,101.10.81.130,,3285,"['vi000246', 'Vi']",2,1991,False,Vi,vi000246
good,117.19.35.218,,286,"['ohfulow', 'ohfulow']",5,7,False,ohfulow,ohfulow
good,223.139.96.5,,362,"['Standattoe', '踮起腳尖']",1,0,False,踮起腳尖,Standattoe
good,218.164.161.150,,2311,"['grant0547', 'grant']",1,462,False,grant,grant0547
good,118.238.211.201,,437,"['Demenz', '列斯']",1,1,False,列斯,Demenz
good,111.252.199.18,,747,"['a9503061', '阿呦']",1,2,False,阿呦,a9503061
good,101.139.65.132,,890,"['brke', 'ヵЧХ⑥見①ル∼']",1,0,False,ヵЧХ⑥見①ル∼,brke
good,211.74.6.23,,364,"['parrot11', '熱帶羽毛']",1,6,False,熱帶羽毛,parrot11
good,36.229.21.17,,3434,"['lllkkkjjj', '喵∼']",1,199,False,喵∼,lllkkkjjj
good,220.133.138.191,,278,"['ineedpeepee', '口虛口虛口屋']",1,1,False,口虛口虛口屋,ineedpeepee
good,140.116.192.131,,3377,"['rob666', 'ROB']",1,166,國立成功大學,ROB,rob666
good,223.138.184.224,,1469,"['Firmamentee', '服光掠影']",1,0,False,服光掠影,Firmamentee
good,125.231.49.79,,1966,"['yuan0723', 'PTT八卦嬸']",1,32,False,PTT八卦嬸,yuan0723
good,1.164.122.178,,3470,"['fujimoto', 'justwanna']",1,56,False,justwanna,fujimoto
good,36.230.229.151,,2654,"['yingrain', '麗莎']",1,115,False,麗莎,yingrain
good,118.161.24.242,,568,,1,10,False,,
good,218.166.254.196,,2953,"['sing4520', '捲毛']",5,146,False,捲毛,sing4520
good,223.138.8.141,,4947,"['ueini', 'ueini']",1,13,False,ueini,ueini
good,182.234.156.154,,4206,"['chben', '酷兒雞精']",1,1001,False,酷兒雞精,chben
good,114.136.156.110,,4117,"['neverbelieve', '不在意成敗的去做']",2,60,False,不在意成敗的去做,neverbelieve
good,220.132.61.78,,1497,"['onioncat13', 'onioncat13']",1,2,False,onioncat13,onioncat13
good,192.108.69.30,,2105,"['goldeagleroy', '茶葉、咖啡、星巴克']",1,234,False,茶葉、咖啡、星巴克,goldeagleroy
good,111.252.115.169,,1381,"['firejox', 'Tangent']",1,28,False,Tangent,firejox
good,1.34.85.35,,2924,"['boo19900520', '大布']",1,149,False,大布,boo19900520
good,36.239.107.103,,1620,"['floraelf', 'so what']",1,3,False,so what,floraelf
good,114.40.125.60,,3279,"['linnx', 'd調']",1,467,False,d調,linnx
good,122.194.3.79,,1309,"['cnbaedone', 'sffds']",3,84,False,sffds,cnbaedone
good,60.244.84.129,,446,"['Sam60232', 'simple life']",2,41,False,simple life,Sam60232
good,163.25.119.78,,796,"['carlyaya', '廢棄電鍋']",1,0,False,廢棄電鍋,carlyaya
good,114.136.101.83,,1677,,1,489,False,,
good,218.35.162.107,,617,"['bam5566', '0.0']",1,32,False,0.0,bam5566
good,114.136.167.31,,1199,"['Yukiatsu', '雪集']",1,3,False,雪集,Yukiatsu
good,101.13.85.147,,1671,"['i87174226', '果凍泡泡']",8,5,False,果凍泡泡,i87174226
good,36.226.166.175,,2881,"['zeta203', '五子棋至今未嘗一勝。']",1,88,False,五子棋至今未嘗一勝。,zeta203
good,114.45.64.138,,1503,"['giabu', '男性女乳症末期']",1,80,False,男性女乳症末期,giabu
good,223.136.44.251,,1547,"['thenorth', '微微']",1,10,False,微微,thenorth
good,223.139.136.167,,367,"['HappyBilbo', '熱帶一刀平']",1,2,False,熱帶一刀平,HappyBilbo
good,220.129.145.109,,1491,"['a963', '21413131思嗎XDD謝率是12']",1,200,False,21413131思嗎XDD謝率是12,a963
good,1.169.45.49,,630,"['OdaTakeda', '織田武田家']",2,185,False,織田武田家,OdaTakeda
good,36.225.166.155,,658,"['gg8n8nd34ss', '艾力貓']",1,37,False,艾力貓,gg8n8nd34ss
good,223.138.142.252,,675,"['johnnylin12', 'MoreGreen']",1,0,False,MoreGreen,johnnylin12
good,114.27.14.145,,3064,"['didi12', 'ding']",1,86,False,ding,didi12
good,123.195.63.55,,3075,"['chungyiju', 'スカスヘ意志ゎ弱ゆろヘ']",1,157,False,スカスヘ意志ゎ弱ゆろヘ,chungyiju
good,223.137.249.58,,2174,"['godrong95', '家暴']",1,169,False,家暴,godrong95
good,117.19.112.27,,604,"['w40217', 'o_Od']",2,34,False,o_Od,w40217
good,101.9.40.184,,1068,"['Gmico', '小魚']",1,207,False,小魚,Gmico
good,111.246.194.245,,3207,"['dnzteeqrq', '大隻貓']",2,156,False,大隻貓,dnzteeqrq
good,1.175.147.174,,931,"['huanshon0615', 'HuanShonPeTer']",1,4,False,HuanShonPeTer,huanshon0615
good,114.136.29.213,,4275,"['kaojet', '鄉民可能改變世界嗎？']",4,56,False,鄉民可能改變世界嗎？,kaojet
good,49.216.114.24,,267,"['xxxrecoil', 'xxxrecoil']",41,1,False,xxxrecoil,xxxrecoil
good,114.36.180.183,,1264,"['akichi', '秋薙']",1,18,False,秋薙,akichi
good,219.85.42.95,,1443,"['peacesignv', '小聲']",1,37,False,小聲,peacesignv
good,180.204.147.225,,410,"['snio2427', 'jiayuan']",1,1,False,jiayuan,snio2427
good,182.232.178.175,,2411,"['sankohama', '阿貝']",1,262,False,阿貝,sankohama
good,61.224.75.118,,2195,"['heyafra', 'pp']",1,188,False,pp,heyafra
good,36.228.115.55,,600,"['ambivalent', 'ambivalent']",1,46,False,ambivalent,ambivalent
good,61.230.67.199,,950,"['kai91', 'kaikai']",1,3,False,kaikai,kai91
good,61.216.57.6,,1439,"['aij', 'bbb']",1,260,False,bbb,aij
good,118.167.35.177,,2481,"['smileykilu', '賊廬在人境']",1,66,False,賊廬在人境,smileykilu
good,122.254.29.243,,1883,"['esspx', 'ESSPX']",1,15,False,ESSPX,esspx
good,223.138.222.84,,533,"['limoncool', '億載金城武 Limoncool']",1,407,False,億載金城武 Limoncool,limoncool
good,118.161.26.196,,3095,"['yawpb', '怨念貍貓']",1,307,False,怨念貍貓,yawpb
good,140.114.217.18,,380,"['Evlstn', 'Evlstn']",1,1,國立清華大學,Evlstn,Evlstn
good,61.58.96.181,,765,"['wwvvkai', 'We do not sow']",1,1,False,We do not sow,wwvvkai
good,59.115.214.50,,3893,"['shaffer', 'planet']",1,561,False,planet,shaffer
good,36.226.196.186,,2905,"['siaxing', '小鋒子']",1,48,False,小鋒子,siaxing
good,218.166.228.95,,4227,"['cd928', '變成淘氣鬼吧!!']",4,293,False,變成淘氣鬼吧!!,cd928
good,1.171.229.55,,250,"['xxx567', '醃黃瓜先生']",1,197,False,醃黃瓜先生,xxx567
good,1.171.52.147,,2168,"['elainecriss', 'ancic']",1,107,False,ancic,elainecriss
good,39.12.137.197,,2241,"['wommow', '夜長夢多']",1,202,False,夜長夢多,wommow
good,114.39.26.136,,2699,"['badpiggy', '壞小豬']",1,64,False,壞小豬,badpiggy
good,1.164.6.40,,387,"['maki1104', '(<-1不是生日']",1,5,False,(<-1不是生日,maki1104
good,123.110.188.165,,379,"['Frostx', 'Naga']",2,3,False,Naga,Frostx
good,103.224.202.232,,647,"['b08297', '']",1,623,False,,b08297
good,59.115.47.215,,925,"['octopus4406', '章魚仔']",8,17,False,章魚仔,octopus4406
good,39.9.212.155,,443,"['TommyWu1991', '藍波奈']",1,25,False,藍波奈,TommyWu1991
good,111.250.163.108,,1352,"['ponytail0048', '馬尾']",1,438,False,馬尾,ponytail0048
good,49.98.154.43,,2421,"['direxiv', '撒旦']",1,2,False,撒旦,direxiv
good,49.217.212.120,,550,"['kerkerker790', '想要軟爛過日子']",1,9,False,想要軟爛過日子,kerkerker790
good,103.224.202.232,,647,"['b08297', '']",1,623,False,,b08297
good,220.142.101.202,,1078,"['xiaohua', '大花']",1,127,False,大花,xiaohua
good,220.135.27.24,,4016,"['apple90101', 'Dauntless']",1,3017,False,Dauntless,apple90101
good,61.216.38.151,,614,"['marklaiw', '漂亮的房子']",1,88,False,漂亮的房子,marklaiw
good,1.164.139.147,,3202,"['nakts0123', '一覺醒來被改造成廢柴']",2,381,False,一覺醒來被改造成廢柴,nakts0123
good,42.72.32.75,,3415,"['jimabc', ""Je t'aime""]",2,492,False,Je t'aime,jimabc
good,115.82.48.164,,664,"['LionHeart819', '藍色獅子心']",1,3,False,藍色獅子心,LionHeart819
good,61.228.34.101,,4778,"['ChrisLiu', '與冰島的思念法則']",1,46,False,與冰島的思念法則,ChrisLiu
good,223.137.41.236,,1299,"['ww1234528', 'ORION']",1,50,False,ORION,ww1234528
good,223.141.147.208,,1079,"['j6m4cl6729', '唾棄的電磁歌王']",1,8,False,唾棄的電磁歌王,j6m4cl6729
good,118.161.30.212,,1966,"['driger47', '張peter']",1,6,False,張peter,driger47
good,27.247.106.79,,945,"['tommy86114', '阿鹹']",1,137,False,阿鹹,tommy86114
good,114.32.136.195,,271,"['neptuneee', '鵝鵝鵝']",1,1,False,鵝鵝鵝,neptuneee
good,114.40.51.152,,1710,"['BBBroflovski', '我大大在褲褲上了']",1,78,False,我大大在褲褲上了,BBBroflovski
good,223.141.174.175,,1074,"['caitlyn', '警長']",1,48,False,警長,caitlyn
good,101.8.67.132,,687,"['ms06293156', 'Ms']",1,5,False,Ms,ms06293156
good,114.27.186.164,,2539,"['lovephi', 'Beck']",8,442,False,Beck,lovephi
good,42.72.132.240,,603,"['creampie5566', '台灣奶油派']",1,1,False,台灣奶油派,creampie5566
good,114.45.121.140,,2712,"['tooth9', '牙仙']",1,666,False,牙仙,tooth9
good,223.141.82.142,,1429,"['philmaru', '安安我家榮啦']",1,7,False,安安我家榮啦,philmaru
good,220.132.144.196,,1684,"['AliceHsu', '^0^']",1,132,False,^0^,AliceHsu
good,180.204.71.109,,843,"['LeftCorner', '僕ゾ臭肥宅ザエ。']",2,36,False,僕ゾ臭肥宅ザエ。,LeftCorner
good,61.224.59.238,,2380,"['cul287', '希悠']",1,990,False,希悠,cul287
good,39.8.64.202,,211,"['cythaaao33', '肋骨']",1,14,False,肋骨,cythaaao33
good,223.136.63.237,,3647,"['ssd123698745', 'noel']",18,137,False,noel,ssd123698745
good,176.248.95.176,,4282,"['apporience', '椰蛋']",4,749,False,椰蛋,apporience
good,36.231.123.187,,4898,"['Arkzeon', '目ゎ、目ゎゃゃ!!']",1,252,False,目ゎ、目ゎゃゃ!!,Arkzeon
good,1.168.43.14,,3128,"['younglol', '喜羊羊']",1,171,False,喜羊羊,younglol
good,223.141.159.88,,433,"['Locaca', 'Locaca']",1,1,False,Locaca,Locaca
good,178.6.226.38,,3600,"['Maniacs', 'Psycho Maniacs']",1,118,False,Psycho Maniacs,Maniacs
good,115.82.131.69,,3001,"['carefree427', '微風輕拂']",1,45,False,微風輕拂,carefree427
good,36.231.34.243,,2171,"['contrav', '魂斗羅V']",1,166,False,魂斗羅V,contrav
good,111.184.97.251,,2788,"['wekapipo', '沒那麼容易']",3,76,False,沒那麼容易,wekapipo
good,61.227.113.69,,740,"['randy061', '061']",1,1,False,061,randy061
good,124.213.108.198,,1127,"['susuless', '澄']",1,7,False,澄,susuless
good,223.136.210.38,,1661,"['johnblueh', '小約翰']",1,71,False,小約翰,johnblueh
good,223.137.10.200,,1357,"['chumua', '啾咪']",1,14,False,啾咪,chumua
good,49.158.104.221,,554,"['pokemon5566', '神寶56']",1,17,False,神寶56,pokemon5566
good,115.82.148.24,,1847,"['s3926293', '麥麋鹿']",1,143,False,麥麋鹿,s3926293
good,175.182.38.84,,638,"['phoinixa', 'not your persephone']",14,6,False,not your persephone,phoinixa
good,49.214.241.141,,1644,"['waythecsir', '睡覺睡到地板上']",1,69,False,睡覺睡到地板上,waythecsir
good,218.166.85.16,,2333,"['zorroptt', '毛毛鼠']",1,324,False,毛毛鼠,zorroptt
good,1.160.96.211,,1266,"['smileyuan20', '園兒']",1,6,False,園兒,smileyuan20
good,140.114.227.109,,2315,"['treeslight', '樹光']",11,21,國立清華大學,樹光,treeslight
good,119.77.225.120,,1906,"['viscount', '阿說']",1,43,False,阿說,viscount
good,36.231.50.175,,1386,"['herbert0620', '大能貓']",1,2,False,大能貓,herbert0620
good,223.139.52.245,,3856,"['acale0202', '']",1,15,False,,acale0202
good,117.19.18.192,,471,"['muscle', '練練練']",1,22,False,練練練,muscle
good,180.218.24.224,,1077,"['girl59713', '調子']",1,110,False,調子,girl59713
good,175.181.176.94,,1325,"['Ainur', 'Ainur']",1,0,False,Ainur,Ainur
good,220.136.173.118,,2458,"['pocketshape', '   ']",1,250,False,   ,pocketshape
good,223.137.226.146,,1340,"['VacuumLife', '吸塵男孩']",1,109,False,吸塵男孩,VacuumLife
good,223.137.154.65,,4871,"['deerdriver', '騎鹿人']",1,243,False,騎鹿人,deerdriver
good,36.236.113.236,,1174,"['dyesky', 'dyesky']",1,2,False,dyesky,dyesky
good,180.176.217.133,,508,"['GYLin', 'GYLin']",1,41,False,GYLin,GYLin
good,101.9.163.64,,2436,"['jacky6016', 'jacky']",1,17,False,jacky,jacky6016
good,27.242.6.93,,621,"['otonashi1003', 'Cornelia']",1,31,False,Cornelia,otonashi1003
good,223.137.138.11,,373,"['akirakoy', 'aaa']",1,1,False,aaa,akirakoy
good,36.226.43.9,,4454,"['sf7877', '魚兒']",1,242,False,魚兒,sf7877
good,223.136.6.5,,3436,"['hochengyuan', '阿淵']",1,1861,False,阿淵,hochengyuan
good,140.116.207.237,,1258,"['bbadia', '笨腳掌']",1,12,國立成功大學,笨腳掌,bbadia
good,114.47.165.212,,3794,"['wwwqoo', '恩~~~~']",1,139,False,恩~~~~,wwwqoo
good,36.231.176.53,,3060,"['bisconect', '李東翰']",1,163,False,李東翰,bisconect
good,120.156.141.44,,823,"['FuSen000', ""(*'▽')вTOMOYO!""]",1,455,False,(*'▽')вTOMOYO!,FuSen000
good,101.138.79.41,,194,"['Kikokushijo', 'Vickers']",1,4,False,Vickers,Kikokushijo
good,36.231.142.158,,619,"['OGCsongYY', '']",4,3,False,,OGCsongYY
good,36.231.20.211,,1396,"['fireleaves', '深山拓荒']",1,17,False,深山拓荒,fireleaves
good,111.249.188.11,,1147,"['myth725', 'lea']",1,0,False,lea,myth725
good,27.242.100.247,,3849,"['aprilwater', '冬有雪']",1,1580,False,冬有雪,aprilwater
good,223.140.103.61,,3169,"['greedwave', '米']",1,92,False,米,greedwave
good,36.229.35.207,,1837,"['pchuang', '九九']",1,145,False,九九,pchuang
good,36.229.132.51,,2361,"['KcIredor', 'Kciredor']",1,39,False,Kciredor,KcIredor
good,36.226.193.47,,937,"['Tack', '小白']",1,33,False,小白,Tack
good,223.140.230.21,,2976,"['orzorza3r', '就單純活著而已']",1,262,False,就單純活著而已,orzorza3r
good,115.82.32.136,,5068,"['Leika', '裁作短歌行']",1,2415,False,裁作短歌行,Leika
good,220.133.14.143,,1466,"['SuperPenguin', '企鵝會飛']",1,82,False,企鵝會飛,SuperPenguin
good,223.140.230.54,,1657,"['emilyrose', '右上草']",1,36,False,右上草,emilyrose
good,223.138.64.205,,647,"['a0012101', '過眼雲煙']",1,77,False,過眼雲煙,a0012101
good,180.177.44.115,,1301,"['b0807love', '露蕾夢']",3,159,False,露蕾夢,b0807love
good,27.247.132.251,,714,"['zaqzaqzaq', 'zaqzaq']",1,7,False,zaqzaq,zaqzaqzaq
good,49.216.64.67,,674,"['dapku', '真的是頭殼壞掉']",1,0,False,真的是頭殼壞掉,dapku
good,110.30.69.123,,513,"['mochi79726', '浪漫小綿羊']",1,1,False,浪漫小綿羊,mochi79726
good,220.142.104.236,,2271,"['mrlinwng', '']",1,3,False,,mrlinwng
good,203.77.48.3,,780,"['panxchan1118', 'Pan']",1,173,False,Pan,panxchan1118
good,72.143.235.82,,1241,"['a06w6y7', '喝喝鹿']",2,43,False,喝喝鹿,a06w6y7
good,223.140.127.74,,267,"['ftyjukgk', '']",1,18,False,,ftyjukgk
good,111.83.220.248,,1221,"['j111480', '小企鵝']",1,20,False,小企鵝,j111480
good,101.12.67.255,,1701,"['GRDII', '肉壯']",1,1477,False,肉壯,GRDII
good,223.136.174.28,,4488,"['csjan', '...']",1,359,False,...,csjan
good,1.172.182.5,,520,"['singgongbar', 'singgongbar']",3,329,False,singgongbar,singgongbar
good,223.136.108.117,,649,"['wcl0222', '香菇']",1,33,False,香菇,wcl0222
good,123.195.88.18,,2647,"['loveian16', '']",1,371,False,,loveian16
good,173.240.198.53,,1381,"['anomura', 'Bubbles']",1,1,False,Bubbles,anomura
good,61.205.11.109,,1662,"['ruudge', '西北雨']",1,96,False,西北雨,ruudge
good,111.243.101.68,,1261,"['hjeonery', '被被']",1,12,False,被被,hjeonery
good,59.115.46.66,,2205,"['astinky', '此方ソアシゎ大好わク！']",1,237,False,此方ソアシゎ大好わク！,astinky
good,220.134.43.213,,1179,"['ichi2004', 'ichi']",1,0,False,ichi,ichi2004
good,223.141.87.23,,742,"['bitter5566', 'no']",1,0,False,no,bitter5566
good,42.73.195.77,,2951,"['CO2', 'c02']",3,38,False,c02,CO2
good,1.169.225.248,,4604,"['incKevin', '南方龜龜BAND']",1,698,False,南方龜龜BAND,incKevin
good,118.171.30.200,,292,"['dglin', '滴居林']",1,5,False,滴居林,dglin
good,223.140.144.158,,561,"['tonyfenny321', '風蕭蕭兮']",1,36,False,風蕭蕭兮,tonyfenny321
good,115.82.16.250,,1095,"['wy9968', '翔哥彈藥庫']",1,14,False,翔哥彈藥庫,wy9968
good,60.242.0.156,,244,"['belor', 'belor']",1,11,False,belor,belor
good,42.73.181.115,,3232,"['camilletss', 'camille tsai']",1,54,False,camille tsai,camilletss
good,1.164.7.64,,3367,"['there53880', 'there']",1,69,False,there,there53880
good,203.73.50.49,,317,"['SameLaw', 'Same Law']",1,4,False,Same Law,SameLaw
good,36.226.166.175,,2881,"['zeta203', '五子棋至今未嘗一勝。']",2,88,False,五子棋至今未嘗一勝。,zeta203
good,106.1.94.40,,4101,"['IMISSA', '愛']",1,1333,False,愛,IMISSA
good,220.129.156.42,,268,"['aluman', '過往雲煙']",1,5,False,過往雲煙,aluman
good,115.82.8.66,,1015,"['Neap', '人造人']",1,0,False,人造人,Neap
good,220.129.193.217,,2307,"['SHIU0315', 'SHIU']",1,24,False,SHIU,SHIU0315
good,117.19.112.190,,2495,"['newkart', '']",1,27,False,,newkart
good,114.24.29.148,,929,"['sean90330', '尼嘎']",1,77,False,尼嘎,sean90330
good,1.164.242.161,,1327,"['avantlapluie', 'avantlapluie']",3,92,False,avantlapluie,avantlapluie
good,1.161.135.183,,282,"['Veronicajin', 'Vero']",1,3,False,Vero,Veronicajin
good,61.230.231.174,,1193,"['goolie', '慾望把眼前的地板鋪滿']",1,65,False,慾望把眼前的地板鋪滿,goolie
good,218.173.142.43,,470,"['jojolast', '紅色Boss']",1,185,False,紅色Boss,jojolast
good,27.246.139.249,,450,"['darkbutcher', '一覺萬年']",1,0,False,一覺萬年,darkbutcher
good,61.57.226.1,,4750,"['gfive3355', '']",1,771,False,,gfive3355
good,36.231.146.239,,4263,"['DriverYu', '艷光四射歌舞團！']",1,196,False,艷光四射歌舞團！,DriverYu
good,101.9.34.241,,971,"['F299', '烏魚子']",1,58,False,烏魚子,F299
good,36.229.35.207,,1837,"['pchuang', '九九']",1,145,False,九九,pchuang
good,180.217.31.29,,2858,"['hugo7935', 'HugoJoy']",1,95,False,HugoJoy,hugo7935
good,124.11.243.22,,446,"['r841113', 'GodPtt']",1,14,False,GodPtt,r841113
good,175.182.38.84,,1504,"['destroyed', 'lioness']",7,210,False,lioness,destroyed
good,27.242.128.187,,978,"['aaaassss11', 'aaaassss11']",1,0,False,aaaassss11,aaaassss11
good,140.113.69.43,,190,"['Henri', 'Unhommeperdu']",1,3,國立交通大學,Unhommeperdu,Henri
good,1.160.60.13,5840,2952,"['icycandle', '你有壓力，我有壓力']",1,67,False,你有壓力，我有壓力,icycandle
good,140.112.228.79,,847,"['xiahself', 'XIAH JING']",1,41,國立臺灣大學,XIAH JING,xiahself
good,39.10.172.215,,569,"['VH34', 'Anonymous34']",1,0,False,Anonymous34,VH34
good,1.160.96.211,,1266,"['smileyuan20', '園兒']",3,6,False,園兒,smileyuan20
good,49.217.162.87,,599,"['joesiyou', '637']",1,8,False,637,joesiyou
good,118.232.148.195,,2017,"['toyokawa', 'japan']",1,14,False,japan,toyokawa
good,118.168.73.92,,1516,"['Drizzling', '台灣南波萬']",1,2,False,台灣南波萬,Drizzling
good,220.142.93.123,,4074,"['stocktonobrk', '風祁雲']",1,364,False,風祁雲,stocktonobrk
good,223.136.107.4,,2844,"['j022015', '    ˊ  ﹀ˋ']",1,323,False,    ˊ  ﹀ˋ,j022015
good,1.161.148.121,,364,"['Freak5566', 'Freak']",3,363,False,Freak,Freak5566
good,114.42.192.53,,1162,"['RyanBaste', 'RyaNnnnn']",1,18,False,RyaNnnnn,RyanBaste
good,163.29.121.28,,2826,"['evarei6124', 'Q仔']",1,50,False,Q仔,evarei6124
good,160.39.38.109,,4205,"['waynek', 's c h 圢']",1,178,False,s c h 圢,waynek
good,123.194.234.8,,1654,"['TBdrays', 'ьユй成功ьйズア']",1,249,False,ьユй成功ьйズア,TBdrays
good,180.217.236.241,,1513,"['wayne40230', '安安']",1,54,False,安安,wayne40230
good,223.138.4.175,,518,"['peng2ma', 'Lauren']",1,7,False,Lauren,peng2ma
good,42.73.69.18,,3820,"['beryll', ' 貝瑞貓 咪嗚咪嗚']",1,968,False, 貝瑞貓 咪嗚咪嗚,beryll
good,111.81.127.68,,2697,"['rolagirl', 'Little Ms. Sunshine']",1,576,False,Little Ms. Sunshine,rolagirl
good,1.34.7.80,,3999,"['ifulita', '和泉政宗']",1,1961,False,和泉政宗,ifulita
good,50.190.64.12,,1953,"['bk4au', 'Kat']",2,0,False,Kat,bk4au
good,223.143.196.201,,1285,"['ci3964', 'yuci']",1,33,False,yuci,ci3964
good,59.124.242.209,,1819,"['foxey', '痴呆小咖']",1,61,False,痴呆小咖,foxey
good,180.204.132.152,,1032,"['akay08', 'Ara_K']",1,63,False,Ara_K,akay08
good,223.139.120.235,,5099,"['kof', 'sweetchild']",1,61,False,sweetchild,kof
good,180.204.227.94,,4584,"['CRYM', '芙凜兔']",1,400,False,芙凜兔,CRYM
good,101.13.4.202,,604,"['YiHsuanC', '']",1,2,False,,YiHsuanC
good,223.137.190.148,,1119,"['attitude5', 'jyun']",1,3,False,jyun,attitude5
good,180.217.146.86,,3446,"['bt222', '新竹林先生']",1,632,False,新竹林先生,bt222
good,114.136.10.248,,416,"['Qweee', '貓']",1,2,False,貓,Qweee
good,42.72.213.19,,2198,"['bluetory99', 'BLUETORY']",2,172,False,BLUETORY,bluetory99
good,140.114.227.109,,2315,"['treeslight', '樹光']",13,21,國立清華大學,樹光,treeslight
good,111.184.24.184,,694,"['gallon0916', '寧夏蔡姓魯宅']",1,68,False,寧夏蔡姓魯宅,gallon0916
good,163.14.38.24,,1049,"['ericbaker', 'baker']",1,5,東吳大學,baker,ericbaker
good,180.204.50.39,,374,"['LoMing1021', 'P.S. I love you']",1,44,False,P.S. I love you,LoMing1021
good,123.194.184.163,,784,"['andy8568', 'FreeHugs']",1,5,False,FreeHugs,andy8568
good,36.239.206.113,,2813,"['iam0718', '再苦 也要笑']",1,191,False,再苦 也要笑,iam0718
good,114.136.0.0,,215,"['p061560', 'Chen kwei']",1,0,False,Chen kwei,p061560
good,115.82.211.166,,1019,"['woogee', 'woogee']",1,39,False,woogee,woogee
good,101.139.185.101,,1252,"['alison011', 'Ali']",3,4,False,Ali,alison011
good,180.217.6.103,,669,"['queenp', 'A.N.']",1,44,False,A.N.,queenp
good,36.233.120.10,,2822,"['yumeconeco', '喵是象形字']",2,107,False,喵是象形字,yumeconeco
good,223.137.138.11,,373,"['akirakoy', 'aaa']",1,1,False,aaa,akirakoy
good,180.176.103.185,,1900,,1,53,False,,
good,1.161.10.43,,646,"['ubike5566', '我是U掰客^^']",1,72,False,我是U掰客^^,ubike5566
good,114.38.180.221,,2383,"['miraclesyeah', '朝露']",1,40,False,朝露,miraclesyeah
good,59.115.161.163,,2276,"['ferrinatice', 'Fervent Apprentice']",1,157,False,Fervent Apprentice,ferrinatice
good,123.192.31.40,,3954,"['linlittlehan', '生命有一種絕對']",1,54,False,生命有一種絕對,linlittlehan
good,223.137.43.236,,3125,"['shrincault', '']",1,33,False,,shrincault
good,223.140.120.137,,2807,"['jasonshiue', '[科科]']",1,12,False,[科科],jasonshiue
good,114.25.204.113,,1091,"['protoco', 'QQ']",1,7,False,QQ,protoco
good,101.10.82.206,,2459,"['ruiun', '你人真的很好']",1,310,False,你人真的很好,ruiun
good,110.28.85.58,,2342,"['s860382', 'Vivi']",10,290,False,Vivi,s860382
good,36.229.127.144,,2587,"['NightDream08', '夜夢ND']",1,444,False,夜夢ND,NightDream08
good,114.36.152.35,,1398,"['HomuCat', '熾熱火焰']",2,12,False,熾熱火焰,HomuCat
good,36.225.230.151,,628,"['soulfaker', '靈魂偽造者']",1,21,False,靈魂偽造者,soulfaker
good,61.230.88.119,,4107,"['tingover', '腦子有洞']",5,349,False,腦子有洞,tingover
good,36.227.18.15,,809,"['bamboo1516', 'bamboo']",1,1,False,bamboo,bamboo1516
good,1.160.60.13,5840,2952,"['icycandle', '你有壓力，我有壓力']",5,67,False,你有壓力，我有壓力,icycandle
good,111.241.146.17,,621,"['roomservice', '五星旗飯店']",2,33,False,五星旗飯店,roomservice
good,114.136.146.53,,3648,"['cstyle', '最初的起點']",1,34,False,最初的起點,cstyle
good,23.241.42.167,,5076,"['demitri', 'forever']",3,907,False,forever,demitri
good,126.44.176.106,,2202,"['tAmoloko', '踏乃的']",1,93,False,踏乃的,tAmoloko
good,118.165.26.160,,1422,"['xero120017', '兔兔兔']",1,12,False,兔兔兔,xero120017
good,108.27.252.245,,2477,"['windcloud27', '比幣']",1,333,False,比幣,windcloud27
good,101.138.155.27,,2325,"['xxxccc6', '阿米']",1,166,False,阿米,xxxccc6
good,114.136.167.31,,1199,"['Yukiatsu', '雪集']",1,3,False,雪集,Yukiatsu
good,114.136.221.42,,559,"['ggrreeeenn', '小綠綠']",2,1,False,小綠綠,ggrreeeenn
good,140.119.157.87,,833,"['ybz612', '花シ水飴']",1,324,國立政治大學,花シ水飴,ybz612
good,98.206.164.65,,5205,"['WINDHEAD', '  ']",1,475,False,  ,WINDHEAD
good,1.171.131.61,,1219,,1,4,False,,
good,66.87.118.116,,385,"['XDDDpupu5566', 'XDpu56家族']",2,48,False,XDpu56家族,XDDDpupu5566
good,42.72.157.225,,1922,"['dswen', 'やソ微笑ノメ忘ホスゆザ']",1,245,False,やソ微笑ノメ忘ホスゆザ,dswen
good,39.9.212.155,,443,"['TommyWu1991', '藍波奈']",1,25,False,藍波奈,TommyWu1991
good,211.21.223.243,,801,"['fanfu', '= =']",1,46,False,= =,fanfu
good,114.35.64.149,,1257,"['Martie', '馬提']",1,23,False,馬提,Martie
good,36.224.198.175,,3205,"['mirageX', 'COOLMIR']",1,36,False,COOLMIR,mirageX
good,36.225.34.69,,625,"['Miruku56', '咪嚕嚳']",1,1,False,咪嚕嚳,Miruku56
good,61.230.120.145,,833,"['fantacyi', '慌慌']",1,81,False,慌慌,fantacyi
good,223.139.105.91,,500,"['wintercoming', '凜冬將至']",1,2,False,凜冬將至,wintercoming
good,223.139.48.96,,3272,"['kerryting', '以羅']",1,958,False,以羅,kerryting
good,180.206.14.104,,746,"['myoyo', '瓶子']",1,0,False,瓶子,myoyo
good,111.250.216.128,,3819,"['dennis2030', '綠豆']",1,373,False,綠豆,dennis2030
good,67.194.232.133,,3312,"['jwchang', '']",1,218,False,,jwchang
good,112.104.35.226,,460,"['butaewb', '大頭']",1,83,False,大頭,butaewb
good,123.205.94.131,,2989,"['funkD', '放可']",1,186,False,放可,funkD
good,111.255.29.54,,475,"['wcc0220', '^_^']",1,9,False,^_^,wcc0220
good,122.121.54.146,,546,"['HKuo', 'H國']",1,30,False,H國,HKuo
good,180.217.183.187,,403,"['tokinosora', '森77的幹幹叫']",1,65,False,森77的幹幹叫,tokinosora
good,60.245.65.178,,469,"['j12289368800', 'Golden Rose']",1,30,False,Golden Rose,j12289368800
good,223.140.0.16,,2165,"['tortoise0912', '拔辣紅']",4,59,False,拔辣紅,tortoise0912
good,1.160.60.13,5840,2952,"['icycandle', '你有壓力，我有壓力']",4,67,False,你有壓力，我有壓力,icycandle
good,223.137.165.149,,3637,"['james732', '好人超']",1,670,False,好人超,james732
good,101.12.227.48,,335,"['thatsauce', '醬汁呢？']",1,40,False,醬汁呢？,thatsauce
good,111.184.168.23,,623,"['iamlindashen', '喂喂喂o~~~~~~~~沒事____']",1,1,False,喂喂喂o~~~~~~~~沒事____,iamlindashen
good,114.34.179.110,,277,"['Sacral', 'S君']",1,0,False,S君,Sacral
good,111.252.115.169,,1381,"['firejox', 'Tangent']",1,28,False,Tangent,firejox
good,114.41.57.182,,3282,"['sandpool', 'sadpool']",1,15,False,sadpool,sandpool
good,39.12.76.57,,568,"['zona1983', 'π到Din']",1,35,False,π到Din,zona1983
good,27.247.106.111,,247,"['canhong', 'bruse']",1,1,False,bruse,canhong
good,118.167.31.212,,1572,"['novellia', '我愛冬天']",2,5,False,我愛冬天,novellia
good,49.216.5.71,,1594,"['lakugawalan', 'Laolan']",1,46,False,Laolan,lakugawalan
good,111.243.9.185,,2117,"['isalin', '']",2,163,False,,isalin
good,101.14.81.25,,750,"['yingfeng0719', '鋒哥']",1,1,False,鋒哥,yingfeng0719
good,223.140.55.195,,247,"['michiechan', '貓米粉']",3,2,False,貓米粉,michiechan
good,163.29.48.229,,3056,"['thegod13', 'thedog13']",2,495,False,thedog13,thegod13
good,42.72.188.55,,1965,"['annie', '']",1,20,False,,annie
good,117.19.115.74,,1652,"['q622622', '~Mr.廷仔~']",2,34,False,~Mr.廷仔~,q622622
good,1.170.20.81,,1336,"['princessnain', 'bekyprin']",1,2,False,bekyprin,princessnain
good,39.10.192.152,,1239,"['ph4586', '阿廷']",8,1,False,阿廷,ph4586
good,59.115.161.163,,2276,"['ferrinatice', 'Fervent Apprentice']",1,157,False,Fervent Apprentice,ferrinatice
good,101.10.0.239,,662,"['tenjan', '貓新娘']",1,42,False,貓新娘,tenjan
good,36.231.21.194,,2607,"['aleckleehaha', 'haha']",7,58,False,haha,aleckleehaha
good,49.218.5.99,,3609,"['tomtom33', '']",1,104,False,,tomtom33
good,82.1.69.111,,2975,"['Resd', '不容青史盡成灰']",1,516,False,不容青史盡成灰,Resd
good,60.246.106.106,,3259,"['river223', 'StarField']",1,286,False,StarField,river223
good,59.115.250.31,,413,"['sean5236921', '加料水果']",1,0,False,加料水果,sean5236921
good,69.58.115.59,,2568,"['happyennovy', '讓我去流浪']",1,502,False,讓我去流浪,happyennovy
good,180.217.138.12,,874,"['PRME', '嘿嘿嘿']",1,132,False,嘿嘿嘿,PRME
good,223.137.42.188,,1118,"['gary13424', 'Noston']",1,3,False,Noston,gary13424
good,223.138.166.70,,429,"['FAYeeeeeeee', 'Fay']",1,9,False,Fay,FAYeeeeeeee
good,118.169.178.9,,4461,"['ccl007', '.......']",3,1506,False,.......,ccl007
good,1.171.101.110,,3662,"['meiyaya', 'meiyaya']",1,340,False,meiyaya,meiyaya
good,42.72.86.207,,236,"['ur8ru8', 'ur8ru8']",1,0,False,ur8ru8,ur8ru8
good,1.169.197.201,,2796,"['Ebergies', '火神']",5,228,False,火神,Ebergies
good,180.204.243.18,,1522,"['su4ej3', '逆']",1,31,False,逆,su4ej3
good,211.72.173.193,,1461,"['fishslumbers', 'scarecrow']",1,2,False,scarecrow,fishslumbers
good,111.250.168.181,,1364,"['juliee', 'Juliee']",2,5,False,Juliee,juliee
good,60.245.65.178,,3712,"['ake83611', '北港王']",1,510,False,北港王,ake83611
good,123.193.175.91,,686,"['billiomos', 'billiomos']",1,34,False,billiomos,billiomos
good,111.241.149.227,,866,"['masahiko2009', '阿咪咪']",1,106,False,阿咪咪,masahiko2009
good,123.195.154.234,,889,"['WoooEooo', 'WoooEooo']",2,5,False,WoooEooo,WoooEooo
good,114.174.7.135,,4397,"['dpFish', '']",1,128,False,,dpFish
good,114.136.237.105,,3961,"['lukehong', '有此一說']",1,337,False,有此一說,lukehong
good,36.237.71.51,,3100,"['abc1231qa', '悌咖']",1,427,False,悌咖,abc1231qa
good,111.240.144.209,,2314,"['schooldance', 'D.A.K.']",5,330,False,D.A.K.,schooldance
good,114.136.89.154,,956,"['klu001', '有點困']",1,252,False,有點困,klu001
good,101.13.4.202,,604,"['YiHsuanC', '']",1,2,False,,YiHsuanC
good,223.139.110.35,,489,"['beanartist', '比爾阿緹斯']",2,0,False,比爾阿緹斯,beanartist
good,1.161.169.133,,4167,"['citywall', '轉角處的驚嘆號!!']",1,1006,False,轉角處的驚嘆號!!,citywall
good,223.141.237.185,,939,"['alai1119', '灰灰娘']",1,17,False,灰灰娘,alai1119
good,219.85.42.95,,1443,"['peacesignv', '小聲']",1,37,False,小聲,peacesignv
good,220.141.118.95,,4104,"['truevill', '']",13,1295,False,,truevill
good,36.238.185.157,,2128,"['student380', 'U質社會觀察家']",2,288,False,U質社會觀察家,student380
good,81.164.105.138,,2081,"['aa800129315', 'DINO']",1,26,False,DINO,aa800129315
good,122.117.137.69,,3303,"['TGD01', '...']",1,63,False,...,TGD01
good,114.136.202.244,,2671,"['shes60100', '妮']",1,86,False,妮,shes60100
good,61.230.120.145,,833,"['fantacyi', '慌慌']",5,81,False,慌慌,fantacyi
good,123.194.84.142,,312,"['lewlewbo', 'lewlew']",1,22,False,lewlew,lewlewbo
good,114.136.210.61,,1579,"['selvester', '水昆蟲']",1,133,False,水昆蟲,selvester
good,223.139.11.73,,666,"['stonecow', 'hoshimido']",1,0,False,hoshimido,stonecow
good,223.136.8.42,,4027,"['himan', '「新鮮感」']",1,34,False,「新鮮感」,himan
good,223.139.202.178,,1450,"['FadedMisa', 'FaMi法米']",1,36,False,FaMi法米,FadedMisa
good,223.139.201.83,,2261,"['RayKer', '可能']",2,95,False,可能,RayKer
good,223.137.165.149,,3637,"['james732', '好人超']",1,670,False,好人超,james732
good,111.255.80.85,,1139,"['lemon7242', '檸檬酸']",1,434,False,檸檬酸,lemon7242
good,223.140.144.158,,561,"['tonyfenny321', '風蕭蕭兮']",1,36,False,風蕭蕭兮,tonyfenny321
good,1.175.63.209,,3169,"['abcdegf34', '渣渴三肆']",1,64,False,渣渴三肆,abcdegf34
good,120.156.141.44,,823,"['FuSen000', ""(*'▽')вTOMOYO!""]",2,455,False,(*'▽')вTOMOYO!,FuSen000
good,118.232.160.206,,843,"['mrgray', 'Mr.Gray']",1,1,False,Mr.Gray,mrgray
good,122.118.8.60,,805,"['lucky0504', 'Vicky']",1,13,False,Vicky,lucky0504
good,118.167.164.57,,1842,"['axd829x', 'π郎']",1,64,False,π郎,axd829x
good,36.229.132.51,,2361,"['KcIredor', 'Kciredor']",4,39,False,Kciredor,KcIredor
good,110.30.9.109,,604,"['liza9873', 'liza']",1,6,False,liza,liza9873
good,223.136.174.92,,2748,"['Shxt', 'Shxt']",1,122,False,Shxt,Shxt
good,180.177.112.117,,356,"['afrazhao', 'afra']",1,1,False,afra,afrazhao
good,111.83.165.64,,472,"['Ramon325', 'Ramon325']",1,0,False,Ramon325,Ramon325
good,101.13.20.31,,341,"['sesame307', '蘇志燮ソ女友']",1,15,False,蘇志燮ソ女友,sesame307
good,123.110.114.123,,517,"['foxsound', '狐聲']",1,0,False,狐聲,foxsound
good,118.232.7.157,,309,"['bootz', '爛泥巴']",1,2,False,爛泥巴,bootz
good,49.216.2.31,,741,"['arlismall5', '咩阿莉']",1,18,False,咩阿莉,arlismall5
good,223.137.239.11,,4585,"['molukino', 'Respekt f卣']",1,452,False,Respekt f卣,molukino
good,223.136.95.106,,1931,"['senma', 'ьユи☆ьユ⑦']",1,1455,False,ьユи☆ьユ⑦,senma
good,39.12.36.248,,1926,"['mooseyang', '秧秧']",1,38,False,秧秧,mooseyang
good,114.42.1.171,,2571,"['xinyuxiao', '果果子']",1,133,False,果果子,xinyuxiao
good,223.140.142.231,,2431,"['melinda13', '瑪琳達哈醬']",1,32,False,瑪琳達哈醬,melinda13
good,110.30.134.194,,3107,"['bewritten', '被寫']",3,470,False,被寫,bewritten
good,220.135.201.137,,2345,"['Ganer', '朝生暮死']",1,90,False,朝生暮死,Ganer
good,58.114.207.145,,4762,"['frouscy', '流浪吧。']",1,243,False,流浪吧。,frouscy
good,61.220.72.55,,4575,"['saddog', '100=20+80']",1,683,False,100=20+80,saddog
good,1.170.215.201,,802,"['pinCC', '霸王鮮果汁']",1,4,False,霸王鮮果汁,pinCC
good,203.190.21.32,,978,"['xaiomaio', '景丹']",1,70,False,景丹,xaiomaio
good,223.137.241.10,,2242,"['karta018', '石頭先生']",1,58,False,石頭先生,karta018
good,39.10.230.107,,1205,"['nadekowang', '庫特マツ']",8,39,False,庫特マツ,nadekowang
good,36.234.173.13,,361,"['pttblabla', 'Blabla']",1,253,False,Blabla,pttblabla
good,27.246.106.63,,3426,"['headcase', '仙人掌上的肥肥']",1,177,False,仙人掌上的肥肥,headcase
good,36.231.125.37,,1174,"['joka040509', '寶寶不魯，只是剛好單身']",1,623,False,寶寶不魯，只是剛好單身,joka040509
good,118.170.23.10,,993,"['chermany', 'qq']",1,110,False,qq,chermany
good,61.228.64.194,,3958,"['casperrrr', 'casperrrr']",6,2,False,casperrrr,casperrrr
good,223.140.118.157,,3855,"['huangshinwen', '.....']",2,286,False,.....,huangshinwen
good,140.113.67.57,,672,"['runKMTrun', '誠實小馬迷']",2,0,國立交通大學,誠實小馬迷,runKMTrun
good,1.160.146.251,,3201,"['covenant', '藍悠']",3,514,False,藍悠,covenant
good,122.117.137.69,,3303,"['TGD01', '...']",1,63,False,...,TGD01
good,223.141.120.20,,998,"['thejackys', '肥波']",1,24,False,肥波,thejackys
good,111.83.122.35,,2934,"['California', 'Bittersweet']",1,310,False,Bittersweet,California
good,114.25.192.218,,1254,"['elelnino', 'elelnino']",5,23,False,elelnino,elelnino
good,223.140.0.16,,2165,"['tortoise0912', '拔辣紅']",1,59,False,拔辣紅,tortoise0912
good,49.216.134.156,,561,"['rrrrr123', '新巡者']",1,3,False,新巡者,rrrrr123
good,98.206.164.65,,5205,"['WINDHEAD', '  ']",1,475,False,  ,WINDHEAD
good,126.19.85.15,,1163,"['pz5202', 'tata']",1,137,False,tata,pz5202
good,42.72.151.194,,768,"['newpuma', '還很新']",1,221,False,還很新,newpuma
good,59.115.243.56,,2720,"['RLH', '我們很近也很遠']",1,100,False,我們很近也很遠,RLH
good,101.9.9.219,,787,"['lili300', '膝蓋中了一箭']",3,36,False,膝蓋中了一箭,lili300
good,114.136.186.230,,1975,"['akimiyavi', '石原秋雅']",1,10,False,石原秋雅,akimiyavi
good,220.229.68.22,,301,"['HSNUYang', '尋找鱷魚的老虎']",1,4,False,尋找鱷魚的老虎,HSNUYang
good,140.112.217.12,,809,"['molle', '']",7,37,國立臺灣大學,,molle
good,61.230.100.188,,1938,"['daniel50506', '達']",1,84,False,達,daniel50506
good,42.73.179.122,,1789,"['momohahaa', '。＿。']",1,77,False,。＿。,momohahaa
good,218.166.114.216,,3506,"['vevally', '油桐雪']",1,2608,False,油桐雪,vevally
good,42.72.157.182,,2365,"['bestfly', '大佑柚唷']",2,78,False,大佑柚唷,bestfly
good,223.137.41.236,,1299,"['ww1234528', 'ORION']",1,50,False,ORION,ww1234528
good,220.133.162.99,,1430,"['a890036', '邱P']",6,19,False,邱P,a890036
good,223.141.179.156,,1290,"['apple30', 'guiguigk']",1,26,False,guiguigk,apple30
good,117.19.6.3,,3583,"['rio35', 'rio']",1,97,False,rio,rio35
good,111.83.250.190,,3728,"['mjnaoki', '囧mmmmmmmmmm']",1,184,False,囧mmmmmmmmmm,mjnaoki
good,114.39.236.159,,991,"['silverysky', '飛起來的皮卡丘']",1,5,False,飛起來的皮卡丘,silverysky
good,114.37.96.208,,1744,"['EGAOTLDENAPP', '金蘋果']",1,12,False,金蘋果,EGAOTLDENAPP
good,172.56.19.243,,2396,"['cat6218ine', 'cat']",1,47,False,cat,cat6218ine
good,140.112.249.194,,1222,"['SahsB', 'SahsB']",2,43,國立臺灣大學,SahsB,SahsB
good,219.70.6.125,,4487,"['t1329kimo', 'Que Sera Sera']",4,381,False,Que Sera Sera,t1329kimo
good,223.139.202.247,,460,"['hank0724', 'DIDO小武']",1,0,False,DIDO小武,hank0724
good,114.36.114.12,,474,"['thesea3', ' ']",1,9,False, ,thesea3
good,114.42.47.70,,2287,"['harlow', 'OK牧場大決鬥']",1,40,False,OK牧場大決鬥,harlow
good,36.231.149.92,,712,"['romeburn', '坑坑相連到天邊']",1,2,False,坑坑相連到天邊,romeburn
good,112.105.52.38,,1211,"['kandylll', '']",1,41,False,,kandylll
good,49.217.212.174,,947,"['Pttjoe0210', '批踢踢喬']",18,1,False,批踢踢喬,Pttjoe0210
good,123.240.194.197,,413,"['BerITh', '戀愛修理亮']",6,586,False,戀愛修理亮,BerITh
good,36.224.169.149,,1332,"['phooom0188', '柳']",1,23,False,柳,phooom0188
good,111.83.154.129,,767,"['newthings', '扭fin']",1,5,False,扭fin,newthings
good,36.229.207.18,,3205,"['showforce', '秀佛阿~~~~斯']",1,428,False,秀佛阿~~~~斯,showforce
good,123.193.71.65,,2532,"['onthehill', 'Sandy']",1,167,False,Sandy,onthehill
good,122.117.149.44,,1202,"['Bimatow', '阿拉花瓜吹喇叭']",1,2,False,阿拉花瓜吹喇叭,Bimatow
good,219.71.218.85,,635,"['microerect', 'Weber']",1,4,False,Weber,microerect
good,175.181.176.94,,1325,"['Ainur', 'Ainur']",1,0,False,Ainur,Ainur
good,223.139.35.193,,2803,"['Linzoma', 'Heaven knows I tried']",3,329,False,Heaven knows I tried,Linzoma
good,114.38.149.179,,396,"['Amber533', 'Amber']",1,0,False,Amber,Amber533
good,114.39.227.41,,2736,"['AK56', '']",2,132,False,,AK56
good,123.194.253.175,,376,"['dooge', 'Finn']",1,60,False,Finn,dooge
good,106.105.29.143,,1078,"['raikataiwan', 'raika']",1,46,False,raika,raikataiwan
good,58.115.106.103,,1150,"['alen3568184', 'alen']",1,8,False,alen,alen3568184
good,114.136.241.99,,416,"['vicky602107', '柴犬']",1,4,False,柴犬,vicky602107
good,188.238.70.230,,1368,"['ZXCV3366', '先進海產店']",1,30,False,先進海產店,ZXCV3366
good,119.77.204.38,,1097,"['hank11431', '啵中']",1,26,False,啵中,hank11431
good,118.167.21.32,,989,"['xxx773', '773']",1,12,False,773,xxx773
good,115.82.58.228,,3072,"['kphuang', ' ']",1,70,False, ,kphuang
good,223.139.71.207,,749,"['loa123', '撕裂地中海']",1,223,False,撕裂地中海,loa123
good,223.140.152.4,,1544,"['jhangyu', 'jhangyu']",1,73,False,jhangyu,jhangyu
good,180.204.195.111,,290,"['celya6223', 'Celia']",1,0,False,Celia,celya6223
good,101.12.194.15,,1443,"['x19005', ""肥宅o'_'o""]",1,107,False,肥宅o'_'o,x19005
good,223.140.144.160,,1219,"['lodestar', 'astro']",1,1,False,astro,lodestar
good,101.13.80.250,,548,"['h6x6h', 'BLZ']",1,1,False,BLZ,h6x6h
good,49.216.51.27,,572,"['a23423933', 'G.O.R']",1,8,False,G.O.R,a23423933
good,1.173.40.234,,2720,"['g7063068', '屏東尼大木博士']",1,27,False,屏東尼大木博士,g7063068
good,42.72.60.142,,3121,"['kerorofrog', '傻瓜青蛙']",1,432,False,傻瓜青蛙,kerorofrog
good,42.73.72.163,,1881,"['MxRRxR', '綠']",1,36,False,綠,MxRRxR
good,124.8.77.88,,5993,"['sggs', '請到consumer爬文']",1,1398,False,請到consumer爬文,sggs
good,180.217.178.100,,215,"['angelica0911', 'angelica']",1,2,False,angelica,angelica0911
good,223.140.153.224,,1729,"['paihsinching', '嬉鬧之間']",1,67,False,嬉鬧之間,paihsinching
good,101.12.192.15,,2252,"['kiwibirds', 'Kiwi']",1,67,False,Kiwi,kiwibirds
good,111.248.82.71,,4852,"['kingion', '買早餐順便而已']",4,523,False,買早餐順便而已,kingion
good,119.77.199.200,,2167,"['casifa', '小波有紅色滑板車車~哼!']",3,17,False,小波有紅色滑板車車~哼!,casifa
good,111.243.204.229,,1158,"['hsinyu28', 'W.H.Y']",1,1,False,W.H.Y,hsinyu28
good,223.136.35.81,,244,"['victciv', '維力']",1,3,False,維力,victciv
good,101.9.97.27,,2171,"['shinyii', '黃老吉']",1,67,False,黃老吉,shinyii
good,1.34.156.213,,1076,"['fbennyu', 'benny']",1,0,False,benny,fbennyu
good,36.231.100.198,,4618,"['wayne62', '要的只是不喜歡的權利']",1,249,False,要的只是不喜歡的權利,wayne62
good,220.142.71.28,,2598,"['nadiaInochi', '狗狗']",1,76,False,狗狗,nadiaInochi
good,101.12.166.167,,3153,"['roushu102', '魯白']",1,35,False,魯白,roushu102
good,223.136.82.45,,396,"['dorisan', '安']",1,1,False,安,dorisan
good,101.13.23.225,,3959,"['PrinceMK', 'Macaca']",1,316,False,Macaca,PrinceMK
good,223.141.82.142,,1429,"['philmaru', '安安我家榮啦']",3,7,False,安安我家榮啦,philmaru
good,114.43.1.227,,281,"['wtc4832', '油內褲']",1,1,False,油內褲,wtc4832
good,223.137.84.74,,1841,"['smallpig24', ' ']",1,16,False, ,smallpig24
good,49.214.149.203,,661,"['bill317996', 'juice']",1,2,False,juice,bill317996
good,36.231.74.108,,6332,"['ae', '']",1,446,False,,ae
good,49.158.104.221,,554,"['pokemon5566', '神寶56']",1,17,False,神寶56,pokemon5566
good,1.164.12.186,,4022,"['loliarchen', '哀咪']",1,45,False,哀咪,loliarchen
good,223.137.160.241,,3604,"['Fooltodie', 'Fooltodie']",1,16,False,Fooltodie,Fooltodie
good,211.31.1.139,,1758,"['f143768', '香蕉']",1,17,False,香蕉,f143768
good,82.132.232.27,,1103,"['fxxkleo0804', '長澤ネイノ 最高！！！']",1,22,False,長澤ネイノ 最高！！！,fxxkleo0804
good,42.73.94.170,,900,"['Fox101', 'Fox And You']",1,32,False,Fox And You,Fox101
good,36.225.230.151,,628,"['soulfaker', '靈魂偽造者']",1,21,False,靈魂偽造者,soulfaker
good,223.138.47.141,,511,"['h821231', 'QQQ']",4,1,False,QQQ,h821231
good,118.232.156.159,,986,"['ismugi', '']",1,4,False,,ismugi
good,223.139.84.61,,1073,"['ff373868', 'ff373868']",1,1,False,ff373868,ff373868
good,42.72.69.219,,624,"['Lynn1122', 'Lynn1122']",1,0,False,Lynn1122,Lynn1122
good,36.234.166.157,,868,"['jontaxx', 'jontaxx']",1,0,False,jontaxx,jontaxx
good,223.136.141.238,,3809,"['j0928875963', '小白']",1,104,False,小白,j0928875963
good,111.255.21.233,,1267,"['aynak', 'aynak']",1,16,False,aynak,aynak
good,111.250.202.86,,1617,"['almondchoco', '杏仁可可']",2,204,False,杏仁可可,almondchoco
good,36.233.36.190,,2209,"['iqnine', '   ']",1,143,False,   ,iqnine
good,1.165.5.27,,326,"['adsl9527', '申裝adsl的小為']",1,55,False,申裝adsl的小為,adsl9527
good,114.136.75.100,,3368,"['coldbreeze', '我要成為復健王!']",1,21,False,我要成為復健王!,coldbreeze
good,114.26.235.74,,990,"['rika07', 'rika']",1,0,False,rika,rika07
good,36.233.114.57,,3928,"['umenosola', '嘉嘉']",1,120,False,嘉嘉,umenosola
good,223.136.141.238,,3809,"['j0928875963', '小白']",1,104,False,小白,j0928875963
good,27.242.64.164,,5345,"['lovelypag', '嗯.............']",1,94,False,嗯.............,lovelypag
good,220.136.165.226,,1680,"['alcard22', 'AL']",2,32,False,AL,alcard22
good,49.217.169.50,,1189,"['qwer338859', '溫莎公爵']",1,50,False,溫莎公爵,qwer338859
good,27.242.99.111,,2516,"['whitehome', '緣木求魚']",1,94,False,緣木求魚,whitehome
good,114.136.167.72,,976,"['comawu', '玉樹臨風美男子']",1,2,False,玉樹臨風美男子,comawu
good,24.6.73.17,,2255,"['minilemon', '微笑檸檬']",1,451,False,微笑檸檬,minilemon
good,163.14.38.24,,1049,"['ericbaker', 'baker']",2,5,東吳大學,baker,ericbaker
good,125.227.190.252,,204,"['Aquavit', '海恩']",2,1,False,海恩,Aquavit
good,168.150.6.37,,854,"['b4552105', 'AmazLied']",1,14,False,AmazLied,b4552105
good,36.236.144.14,,3230,"['srewq', '南瓜']",1,345,False,南瓜,srewq
good,49.217.213.87,,206,"['kukuen', '美好USB']",1,0,False,美好USB,kukuen
good,123.192.167.6,,782,"['shinhwa610', '神隱']",1,0,False,神隱,shinhwa610
good,117.19.115.74,,1652,"['q622622', '~Mr.廷仔~']",1,34,False,~Mr.廷仔~,q622622
good,180.176.217.133,,508,"['GYLin', 'GYLin']",1,41,False,GYLin,GYLin
good,220.132.144.196,,1684,"['AliceHsu', '^0^']",1,132,False,^0^,AliceHsu
good,111.83.246.66,,772,"['a12341234922', '...']",1,27,False,...,a12341234922
good,223.138.119.224,,2399,"['sazdj', '大安金城武']",1,227,False,大安金城武,sazdj
good,223.138.111.174,,5045,"['linhsiuwei', '清心寡慾的天煞孤星']",1,12437,False,清心寡慾的天煞孤星,linhsiuwei
good,39.15.4.63,,780,"['sue5566', '56不能亡']",2,11,False,56不能亡,sue5566
good,223.137.181.20,,4010,"['BlackAaron', '繁花興旺']",1,38,False,繁花興旺,BlackAaron
good,223.137.190.148,,1119,"['attitude5', 'jyun']",1,3,False,jyun,attitude5
good,140.113.45.48,,288,"['kkStBvasut', '奧匈帝國皇家鐵道']",1,54,國立交通大學,奧匈帝國皇家鐵道,kkStBvasut
good,140.112.222.35,,865,"['arielchenx', 'ArielC']",14,59,國立臺灣大學,ArielC,arielchenx
good,114.25.192.218,,1254,"['elelnino', 'elelnino']",1,23,False,elelnino,elelnino
good,203.190.21.32,,978,"['xaiomaio', '景丹']",1,70,False,景丹,xaiomaio
good,140.112.175.111,,2175,"['a123zyx', '小企']",1,155,國立臺灣大學,小企,a123zyx
good,27.246.203.78,,694,"['klyuch', 'Meeko']",1,41,False,Meeko,klyuch
good,223.140.228.235,,440,"['Indexer', '考試都考100分']",1,0,False,考試都考100分,Indexer
good,27.246.106.63,,3426,"['headcase', '仙人掌上的肥肥']",2,177,False,仙人掌上的肥肥,headcase
good,122.116.232.187,,3222,"['arbalest712', '雞蛋裡沒骨頭']",1,153,False,雞蛋裡沒骨頭,arbalest712
good,223.140.14.75,,6838,"['joj', 'joj']",1,990,False,joj,joj
good,1.171.214.81,,5397,"['ebear', '期待!']",1,95,False,期待!,ebear
good,39.10.138.18,,578,"['pigfist1113', '豆花碎了一地']",1,2,False,豆花碎了一地,pigfist1113
good,42.73.129.170,,2919,"['JLUzd', '不足慕']",1,79,False,不足慕,JLUzd
good,180.177.120.49,,1464,"['lch2011', 'LCH']",6,130,False,LCH,lch2011
good,114.42.73.251,,714,"['joy31108', '就已']",1,0,False,就已,joy31108
good,111.240.231.53,,1882,"['missq1010', 'yaya']",1,94,False,yaya,missq1010
good,36.238.24.196,,3102,"['roncarrot', '紅蘿蔔']",1,2,False,紅蘿蔔,roncarrot
good,111.255.21.233,,1267,"['aynak', 'aynak']",2,16,False,aynak,aynak
good,111.253.108.243,,6180,"['jonestem', '原罪']",1,1795,False,原罪,jonestem
good,122.117.149.44,,1202,"['Bimatow', '阿拉花瓜吹喇叭']",1,2,False,阿拉花瓜吹喇叭,Bimatow
good,1.34.166.138,,1401,"['s30175175', 'Tom Pan']",1,8,False,Tom Pan,s30175175
good,1.34.31.226,,4240,"['On1y', 'Hegemony']",1,295,False,Hegemony,On1y
good,182.234.34.23,,1163,"['NAHAy', 'NAHAy']",1,13,False,NAHAy,NAHAy
good,211.21.223.243,,801,"['fanfu', '= =']",1,46,False,= =,fanfu
good,61.228.42.211,,2874,"['chinshin0405', '小昭']",1,11,False,小昭,chinshin0405
good,111.248.10.231,,1178,"['a12367227', '科']",1,3121,False,科,a12367227
good,114.44.4.16,,3892,"['white07', '.']",1,850,False,.,white07
good,122.117.137.69,,3303,"['TGD01', '...']",1,63,False,...,TGD01
good,114.36.170.74,,496,"['secutor145', 'Benvilla']",1,0,False,Benvilla,secutor145
good,111.83.106.175,,4151,"['windofcold', '寒風']",1,122,False,寒風,windofcold
good,1.161.247.226,,191,"['RobertWu407', 'RobertWu']",1,1,False,RobertWu,RobertWu407
good,223.138.93.161,,2302,"['w6422613', '燈泡']",1,225,False,燈泡,w6422613
good,42.72.227.123,,1785,"['Nyarlathotep', '奈亞拉托提普']",1,106,False,奈亞拉托提普,Nyarlathotep
good,1.171.180.169,,3854,"['livtyler0828', '冪密']",1,436,False,冪密,livtyler0828
good,114.35.144.186,,3675,"['arsian', 'arsian']",1,36,False,arsian,arsian
good,101.13.96.70,,708,"['suckme', 'pay me']",1,2,False,pay me,suckme
good,42.73.149.194,,790,"['s930406', '你啊罵']",1,189,False,你啊罵,s930406
good,180.217.31.29,,2858,"['hugo7935', 'HugoJoy']",1,95,False,HugoJoy,hugo7935
good,49.216.119.99,,1661,"['feitenie', '薑餅丁']",1,26,False,薑餅丁,feitenie
good,27.242.228.1,,1412,"['joymidi', 'Hikari']",1,0,False,Hikari,joymidi
good,223.140.35.137,,3450,"['troysky', 'Troy']",1,114,False,Troy,troysky
good,114.35.99.87,,5899,"['vicklin', '']",2,3564,False,,vicklin
good,101.138.109.28,,952,"['plata', 'Iwa']",1,20,False,Iwa,plata
good,123.193.8.26,,999,"['VOLK11', 'VOLK']",1,271,False,VOLK,VOLK11
good,220.135.71.16,,702,"['apple30341', '玩具']",1,15,False,玩具,apple30341
good,180.204.149.157,,3196,"['beyonf', 'mos']",1,135,False,mos,beyonf
good,123.195.131.45,,319,"['winter0723', '啾']",1,3,False,啾,winter0723
good,42.72.64.162,,1072,"['abraabra', 'abra']",1,6,False,abra,abraabra
good,1.163.145.116,,3641,"['kshtainan', '八極']",1,608,False,八極,kshtainan
good,223.136.138.3,,848,"['OGCOGCOGCOGC', '吉霸昏!!!']",1,191,False,吉霸昏!!!,OGCOGCOGCOGC
good,220.136.40.253,,2296,"['Zenxiety', 'Zenxiety']",1,151,False,Zenxiety,Zenxiety
good,203.77.68.44,,2761,"['fish5123', '台灣的小朋友真的很棒']",2,57,False,台灣的小朋友真的很棒,fish5123
good,1.170.212.214,,187,"['DaYehNO1', '唯有大葉，才能救葉']",1,0,False,唯有大葉，才能救葉,DaYehNO1
good,117.19.38.189,,441,"['ClownT', 'Clown']",1,0,False,Clown,ClownT
good,180.217.213.159,,829,"['rockday', 'R']",2,5,False,R,rockday
good,101.13.1.108,,4003,"['yeary2k', '開心成真']",1,961,False,開心成真,yeary2k
good,114.24.156.187,,405,"['xixirio', '']",1,0,False,,xixirio
good,49.216.147.73,,2406,"['cheerforyou', 'cheer for you ']",1,38,False,cheer for you ,cheerforyou
good,223.140.35.137,,3450,"['troysky', 'Troy']",1,114,False,Troy,troysky
good,36.230.203.90,,1097,"['RoundTable', '  ']",1,82,False,  ,RoundTable
good,180.204.84.237,,3565,"['Zorina', '[ 祕 密 莊 園 ]']",1,686,False,[ 祕 密 莊 園 ],Zorina
good,140.117.184.43,,515,"['ss5010593', '魔sow世界☆大亂鬥']",1,127,國立中山大學,魔sow世界☆大亂鬥,ss5010593
good,203.79.236.157,,4264,"['modjo', 'KH撐HK']",1,2058,False,KH撐HK,modjo
good,180.177.43.58,,3578,"['abbag', 'abbag']",2,17,False,abbag,abbag
good,140.112.25.105,,1107,"['Poke5566', '戳戳5566']",1,917,國立臺灣大學,戳戳5566,Poke5566
good,42.72.181.57,,438,"['selinatung', 'selinatung']",1,0,False,selinatung,selinatung
good,67.194.232.133,,3312,"['jwchang', '']",1,218,False,,jwchang
good,175.182.238.54,,2133,"['luke7459', 'Yueh-Ching']",1,618,False,Yueh-Ching,luke7459
good,42.73.245.131,,364,"['dede010172', '萌虎']",1,33,False,萌虎,dede010172
good,111.240.144.209,,2314,"['schooldance', 'D.A.K.']",1,330,False,D.A.K.,schooldance
good,124.11.191.233,,735,"['g6m3kimo5566', '極為變態的神父']",1,34,False,極為變態的神父,g6m3kimo5566
good,61.230.157.113,,1004,"['aquacomfort', '那個誰']",1,13,False,那個誰,aquacomfort
good,115.82.49.109,,989,"['akikimi1219', '']",1,10,False,,akikimi1219
good,36.225.237.2,,574,"['k402ate', 'kateeeeeeee']",1,0,False,kateeeeeeee,k402ate
good,223.138.219.84,,240,"['doto0000', 'doto0000']",1,0,False,doto0000,doto0000
good,106.105.101.123,,2558,"['christopherl', 'Crystal~++']",1,222,False,Crystal~++,christopherl
good,36.231.134.208,,746,,1,5,False,,
good,101.139.66.5,,3972,"['b93510015', '小鬼頭']",1,19,False,小鬼頭,b93510015
good,114.37.16.109,,1169,"['MMori', '摸裡']",3,32,False,摸裡,MMori
good,176.248.95.176,,4282,"['apporience', '椰蛋']",1,749,False,椰蛋,apporience
good,223.138.231.13,,917,"['creeeep', 'cha']",1,0,False,cha,creeeep
good,111.80.166.91,,1281,"['jumbo0917', 'jumbo']",1,0,False,jumbo,jumbo0917
good,114.44.22.96,,2307,"['haji1008', 'hajiko']",1,5,False,hajiko,haji1008
good,42.73.255.20,,3542,"['cary9998', '洄瀾鯨客']",1,71,False,洄瀾鯨客,cary9998
good,111.82.60.32,,4778,"['QoiiwWe', 'G']",1,616,False,G,QoiiwWe
good,106.105.113.46,,903,"['orzno', '囧rz']",1,37,False,囧rz,orzno
good,125.230.67.176,,2901,"['chinexx', '鳥人']",1,67,False,鳥人,chinexx
good,110.30.71.87,,667,"['heidicc', '海蒂西西']",1,13,False,海蒂西西,heidicc
good,218.166.85.16,,2333,"['zorroptt', '毛毛鼠']",2,324,False,毛毛鼠,zorroptt
good,1.161.136.235,,521,"['inoo', 'inoo']",1,0,False,inoo,inoo
good,61.228.4.236,,867,"['ann0743', 'biggy']",1,5,False,biggy,ann0743
good,111.81.127.68,,4009,"['nobalance', '..']",1,53,False,..,nobalance
good,220.129.58.101,,3535,"['a5b4c3d2e1', '']",1,388,False,,a5b4c3d2e1
good,134.208.36.231,,694,"['morgan860320', '摩根是我 我是摩根']",1,168,國立東華大學,摩根是我 我是摩根,morgan860320
good,61.223.40.58,,1049,"['alfonso1994', '坤']",1,4,False,坤,alfonso1994
good,101.9.179.129,,824,"['cocopiku', '摳摳屁屁']",1,0,False,摳摳屁屁,cocopiku
good,101.138.93.2,,1872,"['lilyriza', '荔栗麗莎 上士 >>>)']",1,31,False,荔栗麗莎 上士 >>>),lilyriza
good,219.84.57.148,,524,"['goldlipe', '演唱會症候群ing']",1,7,False,演唱會症候群ing,goldlipe
good,1.163.76.24,,554,"['pin8989', '阿品']",1,5,False,阿品,pin8989
good,111.248.69.80,,2254,"['aadm', '別人尬車我雷纏']",5,294,False,別人尬車我雷纏,aadm
good,27.242.40.189,,525,"['kiwihou', 'Kiwi.Y']",1,9,False,Kiwi.Y,kiwihou
good,223.140.103.31,,2819,"['eltonchung', 'Elton']",1,371,False,Elton,eltonchung
good,61.230.198.182,,4758,"['ghostforever', '呃']",1,255,False,呃,ghostforever
good,39.10.192.152,,1239,"['ph4586', '阿廷']",1,1,False,阿廷,ph4586
good,58.115.17.142,,1985,"['b9602003', 'Wayne']",1,1,False,Wayne,b9602003
good,111.83.52.5,,657,"['af2772af', '嘿嘿嘿']",1,8,False,嘿嘿嘿,af2772af
good,220.133.70.251,,2183,"['Swifter', 'Swifter']",1,16,False,Swifter,Swifter
good,49.218.3.132,,2884,"['alexbklin', 'Alex Lin']",1,22,False,Alex Lin,alexbklin
bad,101.13.66.81,,1312,"['asked', '艾斯可一滴']",1,58,False,艾斯可一滴,asked
bad,42.72.146.5,,792,"['BlowjobFace', '口交臉/0\\']",1,14,False,口交臉/0\,BlowjobFace
bad,27.247.11.128,,740,"['jameskoy', '肘少爺']",1,0,False,肘少爺,jameskoy
bad,163.29.121.28,,2826,"['evarei6124', 'Q仔']",1,50,False,Q仔,evarei6124
bad,36.225.118.78,,3389,"['techo', '而我知道']",1,24,False,而我知道,techo
bad,117.19.68.11,,918,"['poohhung', '阿碩']",1,13,False,阿碩,poohhung
bad,124.9.128.247,,1137,"['jayang', '傑揚']",1,1,False,傑揚,jayang
bad,134.208.39.132,,297,"['china5566', '支那  \x08\x08E  \x08\x08F']",1,23,國立東華大學,支那  E  F,china5566
bad,27.242.69.112,,678,"['allenc38', '爆']",1,158,False,爆,allenc38
bad,36.226.106.16,,211,"['jj1379746', '充電五分鐘，通話兩小時']",1,18,False,充電五分鐘，通話兩小時,jj1379746
bad,223.140.81.214,,912,"['zeng50', '阿寶']",1,7,False,阿寶,zeng50
bad,118.171.73.46,,4388,"['winiS', '維尼桑']",1,146,False,維尼桑,winiS
bad,139.216.163.197,,3732,"['KingKingCold', 'れ元  \x08\x08nザエろ?私元  \x08\x08nザエ']",25,1099,False,れ元  nザエろ?私元  nザエ,KingKingCold
bad,1.160.24.166,,3178,"['mickey0223w', '我最愛小個兒']",1,248,False,我最愛小個兒,mickey0223w
bad,180.217.137.71,,2373,"['gn02118620', 'Howard']",5,104,False,Howard,gn02118620
bad,140.122.136.91,,1957,"['aotin', '奧丁']",1,72,國立臺灣師範大學,奧丁,aotin
bad,220.133.192.104,,616,"['piex', 'piex']",2,10,False,piex,piex
bad,223.139.176.104,,3593,"['ding0725', '塔斯汀哥']",1,132,False,塔斯汀哥,ding0725
bad,114.32.241.182,,1230,"['justice0926', '賈斯提斯-專業廢文製造機']",1,420,False,賈斯提斯-專業廢文製造機,justice0926
bad,42.75.148.222,,2337,"['rahayato', ' 哎呀哎呀']",1,94,False, 哎呀哎呀,rahayato
bad,111.82.33.92,,787,"['bassmaster', '三餐吃泡麵然後暴斃']",1,42,False,三餐吃泡麵然後暴斃,bassmaster
bad,1.172.190.81,,212,"['Tsubasa98', ""Eason~μ'sic Forever""]",1,23,False,Eason~μ'sic Forever,Tsubasa98
bad,220.137.2.66,,4538,"['wanderwolf', '']",3,189,False,,wanderwolf
bad,59.127.193.59,,3598,"['pao0111', 'pao0111']",1,32,False,pao0111,pao0111
bad,180.217.213.159,,829,"['rockday', 'R']",5,5,False,R,rockday
bad,59.126.48.162,,1579,"['pufferman', 'ladisai']",1,1,False,ladisai,pufferman
bad,223.139.70.133,,860,"['skyrie', '史蓋瑞']",8,60,False,史蓋瑞,skyrie
bad,223.139.250.177,,4004,"['saluy', '安粉心靈極度脆弱']",4,77,False,安粉心靈極度脆弱,saluy
bad,39.8.131.38,,4433,"['hikari22', '心碎小子HBK']",1,222,False,心碎小子HBK,hikari22
bad,69.181.54.204,,2448,"['AetherG', 'AetherGravity']",2,39,False,AetherGravity,AetherG
bad,114.45.70.30,,3290,"['fffink1689', '還原基本法']",2,189,False,還原基本法,fffink1689
bad,101.138.149.49,,522,"['jay741953', 'kay']",1,0,False,kay,jay741953
bad,180.176.46.11,,1604,"['sam197665', '東哥']",1,42,False,東哥,sam197665
bad,101.13.38.174,,1112,"['n44976', 'Eins']",1,19,False,Eins,n44976
bad,118.171.173.146,,1249,"['blacktruth', '...']",2,2,False,...,blacktruth
bad,114.36.57.200,,326,"['k960608', '霧羽•浪沙']",5,55,False,霧羽•浪沙,k960608
bad,218.166.225.52,,264,"['eatcc', '此時無聲勝有聲']",1,1,False,此時無聲勝有聲,eatcc
bad,42.78.242.134,,1004,"['xavier2011', '小MONO']",1,0,False,小MONO,xavier2011
bad,49.216.21.11,,1823,"['jauruyu', '短竹魚乾']",1,81,False,短竹魚乾,jauruyu
bad,36.234.241.211,,1081,"['e124741192', '黑襯衫']",1,3,False,黑襯衫,e124741192
bad,42.72.219.34,,1245,"['loyal02', ':)']",1,4,False,:),loyal02
bad,180.204.38.150,,2672,"['kir0126', '']",1,31,False,,kir0126
bad,101.12.130.227,,756,"['Izaac', '黑闇聖經']",1,2,False,黑闇聖經,Izaac
bad,123.194.236.59,,1127,"['qwas65166516', 'TO BELIEVE']",3,3,False,TO BELIEVE,qwas65166516
bad,220.133.9.19,,621,"['ryan100100', '蟲的傳人']",2,125,False,蟲的傳人,ryan100100
bad,110.28.26.152,,1158,"['sonnnnylin', 'sonnylin']",1,7,False,sonnylin,sonnnnylin
bad,42.79.119.129,,2059,"['dnkofe', '赤空']",1,58,False,赤空,dnkofe
bad,223.140.210.184,,987,"['tonhy55555', 'tonhy55555']",1,2,False,tonhy55555,tonhy55555
bad,140.112.230.252,,1616,"['piety4u', '']",1,73,國立臺灣大學,,piety4u
bad,111.185.169.154,,1057,"['Greengene', '綠˙吉˙音']",2,16,False,綠˙吉˙音,Greengene
bad,223.136.122.249,,1430,"['zuzudot', '海']",1,30,False,海,zuzudot
bad,61.70.223.125,,434,"['gky369852', 'monopo']",1,1,False,monopo,gky369852
bad,27.247.105.150,,547,"['goodgold', '納吉斯']",1,7,False,納吉斯,goodgold
bad,101.13.98.17,,2894,"['venroxas', '別說啦']",1,113,False,別說啦,venroxas
bad,61.227.96.66,,2415,"['XtrEmeMasTeR', '歪歪']",1,38,False,歪歪,XtrEmeMasTeR
bad,114.41.25.169,,1503,"['EasyshopWHM', 'EE']",1,51,False,EE,EasyshopWHM
bad,1.160.199.159,,1348,"['danny00118', 'supergerms']",1,0,False,supergerms,danny00118
bad,182.155.57.18,,2349,"['azdc', '聽貓貓的話']",1,71,False,聽貓貓的話,azdc
bad,218.166.78.212,,776,"['VischDonahue', '荒野迅雷']",2,4,False,荒野迅雷,VischDonahue
bad,39.12.108.110,,1345,"['WWIII', '東邪西毒']",2,1,False,東邪西毒,WWIII
bad,223.140.70.89,,1771,"['akaolu', 'akaolu']",4,181,False,akaolu,akaolu
bad,219.85.119.14,,1398,"['simon1202', 'LooSnake']",1,4,False,LooSnake,simon1202
bad,114.44.251.196,,1281,"['lejacpntu', 'lejacpntu']",1,27,False,lejacpntu,lejacpntu
bad,140.122.136.91,,1957,"['aotin', '奧丁']",1,72,國立臺灣師範大學,奧丁,aotin
bad,163.25.119.57,,324,"['wind6189', '王大槌']",1,13,False,王大槌,wind6189
bad,180.217.236.241,,1513,"['wayne40230', '安安']",4,54,False,安安,wayne40230
bad,1.167.131.178,,2689,"['jimmy0521', '典韋控!!']",2,13,False,典韋控!!,jimmy0521
bad,111.82.253.21,,2563,"['shyshyan', '神人為吾，千葉傳奇。']",1,650,False,神人為吾，千葉傳奇。,shyshyan
bad,1.200.210.94,,2258,"['i12348', 'catfish']",1,54,False,catfish,i12348
bad,119.77.221.190,,332,"['GGbangbang', '雞雞棒棒']",1,5,False,雞雞棒棒,GGbangbang
bad,111.83.210.77,,1648,"['edwei', 'Light blue']",1,13,False,Light blue,edwei
bad,42.73.204.229,,620,"['qscNERO', '請叫我達文西']",1,5,False,請叫我達文西,qscNERO
bad,223.137.7.39,,2023,"['ckgjeff1990', '吸K雞']",1,191,False,吸K雞,ckgjeff1990
bad,180.204.224.14,,1098,"['srwhite', '妖尾']",1,14,False,妖尾,srwhite
bad,119.77.204.38,,1097,"['hank11431', '啵中']",1,26,False,啵中,hank11431
bad,36.239.133.134,,1102,"['sanachen', 'sana']",3,47,False,sana,sanachen
bad,180.217.153.23,,1898,"['cyd1218', 'C']",1,38,False,C,cyd1218
bad,39.10.99.29,,886,"['bandsound31', '雞一隻']",3,24,False,雞一隻,bandsound31
bad,60.251.141.166,,1652,"['Automaticmai', '嗄嗄烏啦啦']",1,421,False,嗄嗄烏啦啦,Automaticmai
bad,218.166.228.95,,4227,"['cd928', '變成淘氣鬼吧!!']",3,293,False,變成淘氣鬼吧!!,cd928
bad,61.56.182.92,,645,"['GoReadman', '溫溼漉漉頓']",1,1,False,溫溼漉漉頓,GoReadman
bad,101.138.131.109,,851,"['yyy8167', '阿肯']",1,10,False,阿肯,yyy8167
bad,220.143.4.63,,1836,"['CJROCK', '讓我想一想']",1,115,False,讓我想一想,CJROCK
bad,114.25.17.238,,1613,"['Luber', '灣渠中的草蝦']",1,32,False,灣渠中的草蝦,Luber
bad,42.73.141.202,,1300,"['pgimjjkk', '小智明年得冠軍']",1,45,False,小智明年得冠軍,pgimjjkk
bad,123.205.94.131,,2989,"['funkD', '放可']",1,186,False,放可,funkD
bad,123.240.25.247,,1989,"['Elis1221', '艾利斯']",1,26,False,艾利斯,Elis1221
bad,42.75.2.230,,4443,"['yolasiku', '我的綠卡能吃嗎']",1,120,False,我的綠卡能吃嗎,yolasiku
bad,101.139.176.24,,523,"['apple840622', 'Namico']",1,19,False,Namico,apple840622
bad,59.104.0.189,,593,"['rrr518', '喔~喔喔~喔喔~喔喔~~爪爪']",2,2586,False,喔~喔喔~喔喔~喔喔~~爪爪,rrr518
bad,223.139.118.131,,260,"['fragmentwing', '片翼碎夢']",1,63,False,片翼碎夢,fragmentwing
bad,1.163.184.251,,2929,"['SuperUp', '(￣▽￣＃)﹏﹏']",1,146,False,(￣▽￣＃)﹏﹏,SuperUp
bad,36.236.57.35,,2633,"['gm3252', '阿綸']",1,71,False,阿綸,gm3252
bad,42.73.64.39,,985,"['liberte', '底']",1,110,False,底,liberte
bad,114.136.217.175,,1241,"['KuoYenWen', '打第一球']",1,49,False,打第一球,KuoYenWen
bad,180.217.129.221,,363,"['seal46825', 'Vanish']",1,26,False,Vanish,seal46825
bad,1.165.63.13,,1283,"['jason60314', '傑森陸零參壹肆']",1,215,False,傑森陸零參壹肆,jason60314
bad,39.8.131.8,,3089,"['s81048112', '**********已加密']",2,5,False,**********已加密,s81048112
bad,223.140.84.106,,3473,"['featherable', '不難過']",2,206,False,不難過,featherable
bad,61.228.245.111,,676,"['tthtt60018', '佩佩倫奇諾']",1,5,False,佩佩倫奇諾,tthtt60018
bad,101.10.5.47,,2643,"['sakilu', 'sakilu']",1,75,False,sakilu,sakilu
bad,223.139.244.148,,2557,"['paul115', '蒼月']",1,9,False,蒼月,paul115
bad,111.241.103.50,,4259,"['sediments', '禽獸']",3,520,False,禽獸,sediments
bad,61.230.158.15,,654,"['ydolem', '呆麻雀']",1,3,False,呆麻雀,ydolem
bad,111.243.62.244,,2522,"['rax921930', '大鵬']",1,254,False,大鵬,rax921930
bad,1.168.37.1,,866,"['qqq20703', '魯蛇KING']",1,0,False,魯蛇KING,qqq20703
bad,1.34.55.52,,3023,"['kaosps2', '查理∼∼']",1,164,False,查理∼∼,kaosps2
bad,1.171.39.41,,1471,"['JCS15', '馬馬狗']",1,234,False,馬馬狗,JCS15
bad,223.140.16.64,,328,"['Kaede5908', '高垣楓P']",1,1,False,高垣楓P,Kaede5908
bad,61.216.181.79,,739,"['GaRx', 'CRoSS_Sakura']",1,1,False,CRoSS_Sakura,GaRx
bad,111.83.5.77,,1518,"['etu4315', '成大海龍王']",1,132,False,成大海龍王,etu4315
bad,1.163.224.173,,955,"['aho6204', '14歲博士']",1,48,False,14歲博士,aho6204
bad,115.82.160.172,,3214,"['bellsakura', 'bellsakura']",1,46,False,bellsakura,bellsakura
bad,111.83.206.47,,634,"['tonfans', '統粉是你']",1,5,False,統粉是你,tonfans
bad,59.115.250.31,,413,"['sean5236921', '加料水果']",2,0,False,加料水果,sean5236921
bad,125.231.55.232,,4569,"['ab4daa', 'nooooooooooooooooooo']",2,68,False,nooooooooooooooooooo,ab4daa
bad,114.42.190.140,,3401,"['C130', 'Feel my heart']",1,227,False,Feel my heart,C130
bad,36.237.55.214,,454,"['loveyoucheng', '晴榜']",1,9,False,晴榜,loveyoucheng
bad,114.32.191.204,,2558,"['smdf', '我依然相信']",1,35,False,我依然相信,smdf
bad,110.28.221.129,,2392,"['willy61615', 'AEGON']",1,4,False,AEGON,willy61615
bad,223.140.100.38,,1835,"['nature1021', '小犬']",1,0,False,小犬,nature1021
bad,42.73.182.106,,1251,"['smho', '白日夢冒險王']",2,22,False,白日夢冒險王,smho
bad,24.114.25.65,,2891,"['A19870720', '清明上河豚']",1,454,False,清明上河豚,A19870720
bad,61.228.247.37,,1170,"['DKnex', 'DK']",1,84,False,DK,DKnex
bad,42.72.115.117,,640,"['gundam0613', '花花夜夜']",1,154,False,花花夜夜,gundam0613
bad,223.140.226.4,,3204,"['resudi', '我累了 真的累了~']",1,1,False,我累了 真的累了~,resudi
bad,111.83.105.42,,2947,"['allblue1101', '^▽^)/＊*我懶* ＊\\(^▽^']",3,501,False,^▽^)/＊*我懶* ＊\(^▽^,allblue1101
bad,101.9.80.109,,4026,"['ALOVET', 'AKB48 イゆアよ!']",1,456,False,AKB48 イゆアよ!,ALOVET
bad,111.241.149.227,,866,"['masahiko2009', '阿咪咪']",4,106,False,阿咪咪,masahiko2009
bad,220.132.225.49,,3754,"['koko147', '心情電梯']",1,1023,False,心情電梯,koko147
bad,175.180.206.114,,2958,"['largeboy', '喔...']",1,374,False,喔...,largeboy
bad,223.138.205.237,,850,"['ioupoiu', '他媽的噁心甲']",1,128,False,他媽的噁心甲,ioupoiu
bad,42.73.101.72,,187,"['wahahajohn', 'JFC']",1,0,False,JFC,wahahajohn
bad,117.19.51.242,,1501,"['neamen5566', '半導體5566']",1,285,False,半導體5566,neamen5566
bad,123.202.71.93,,2915,"['wildrush0210', 'finding my own way']",1,8,False,finding my own way,wildrush0210
bad,218.161.29.20,,684,"['iSad5566', '神曲56']",7,54,False,神曲56,iSad5566
bad,101.12.135.85,,271,"['people001', '愛著科基的男人']",1,1,False,愛著科基的男人,people001
bad,111.240.186.245,,439,"['historyway', '歷史是一條孤獨的道路']",1,2,False,歷史是一條孤獨的道路,historyway
bad,114.27.188.63,,4658,"['cocota', '一支草']",2,280,False,一支草,cocota
bad,111.82.33.142,,421,"['kamehameha12', '益菌多壞菌就少']",1,41,False,益菌多壞菌就少,kamehameha12
bad,61.231.109.18,,682,"['ivan51405', '副熱帶']",1,0,False,副熱帶,ivan51405
bad,111.250.131.71,,2713,"['nondelivery', '如此']",1,191,False,如此,nondelivery
bad,36.229.197.12,,563,"['reid123455', '魔女教大教主—怠惰']",1,64,False,魔女教大教主—怠惰,reid123455
bad,180.217.182.163,,4535,"['starericc', '用心完全被抹殺\\']",1,144,False,用心完全被抹殺\,starericc
bad,111.82.252.27,,208,"['boring321', '穎..']",1,1,False,穎..,boring321
bad,118.167.25.77,,3276,"['Abalamindo', '公館手槍營營長']",2,578,False,公館手槍營營長,Abalamindo
bad,223.140.68.218,,2516,"['eatk', '吃K']",1,22,False,吃K,eatk
bad,114.136.210.61,,1579,"['selvester', '水昆蟲']",1,133,False,水昆蟲,selvester
bad,59.126.19.186,,1308,"['Aliensoul', '八卦駐版外星人']",1,218,False,八卦駐版外星人,Aliensoul
bad,114.27.174.240,,3359,"['flameDH', '鋁罐']",1,22,False,鋁罐,flameDH
bad,114.24.38.182,,3867,"['HappyKH', 'KH']",3,65,False,KH,HappyKH
bad,49.214.66.168,,3054,"['op111925', '胖子']",1,232,False,胖子,op111925
bad,117.19.3.74,,2051,"['hakama99', '雜醬麵']",1,48,False,雜醬麵,hakama99
bad,125.224.81.5,,208,"['nnnni0', '十二月']",1,0,False,十二月,nnnni0
bad,223.141.51.124,,1640,"['sentsuki', '千月']",1,46,False,千月,sentsuki
bad,123.194.147.206,,845,"['demonik', '白鷺鷥山']",2,24,False,白鷺鷥山,demonik
bad,111.248.97.49,,1764,"['jakcycoco', '沒電的鹼性電池']",1,7,False,沒電的鹼性電池,jakcycoco
bad,114.136.153.111,,4596,"['yamitis', '神已飛躍起來了']",1,239,False,神已飛躍起來了,yamitis
bad,117.19.67.11,,2984,"['pilot1982', '173-72卻覺得瘦好多']",1,179,False,173-72卻覺得瘦好多,pilot1982
bad,223.140.112.156,,1351,"['liusean', '旁觀者']",1,4,False,旁觀者,liusean
bad,39.10.105.213,,2646,"['melic', ' ']",1,292,False, ,melic
bad,223.140.174.75,,2987,"['howardab', '不可思議的冒險?   ? ']",1,33,False,不可思議的冒險?   ? ,howardab
bad,42.73.195.77,,2951,"['CO2', 'c02']",2,38,False,c02,CO2
bad,114.136.10.182,,3127,"['ron0803', '龍']",1,104,False,龍,ron0803
bad,112.104.130.197,,1515,"['chx64', '雪人']",1,142,False,雪人,chx64
bad,114.136.180.212,,1774,"['iamping109', '懶懶der']",1,69,False,懶懶der,iamping109
bad,220.136.118.173,,2547,"['Hitimothy', 'brothertimothy']",1,1,False,brothertimothy,Hitimothy
bad,111.240.92.122,,1870,"['higamanami', '丸子頭演員']",9,513,False,丸子頭演員,higamanami
bad,223.138.63.105,,3490,"['Kantsuki', '幻月']",1,60,False,幻月,Kantsuki
bad,220.132.76.40,,3907,"['germun', 'ger']",1,193,False,ger,germun
bad,140.112.218.54,,546,"['leamaSTC', 'LeamaS']",1,13,國立臺灣大學,LeamaS,leamaSTC
bad,220.136.229.251,,3267,"['uhbygv45', '艾斯克特']",13,256,False,艾斯克特,uhbygv45
bad,1.160.247.8,,233,"['crystalgreen', '認清事實']",1,19,False,認清事實,crystalgreen
bad,140.127.233.211,,1162,"['jasonyen123', 'bakuman9990']",1,0,國立高雄大學,bakuman9990,jasonyen123
bad,223.136.117.34,,1046,"['wang0324', 'wang0324']",1,6,False,wang0324,wang0324
bad,36.228.113.58,,2148,"['Axis999', '叭叭啦叭~叭']",8,109,False,叭叭啦叭~叭,Axis999
bad,1.164.248.161,,2978,"['fly770918fly', '風的方向']",1,50,False,風的方向,fly770918fly
bad,118.169.59.178,,4079,"['shirorei', '風之羽']",1,23,False,風之羽,shirorei
bad,223.140.143.201,,951,"['Barcode5566', '|I|1I|l1I1lI|IIl1l|I']",1,2,False,|I|1I|l1I1lI|IIl1l|I,Barcode5566
bad,223.136.126.140,,3996,"['U9234030', '宅宅']",1,95,False,宅宅,U9234030
bad,223.139.184.17,,957,"['suckme5566', '煞氣ａ56']",1,9,False,煞氣ａ56,suckme5566
bad,223.139.14.84,,1406,"['bwin', '必贏  \x08\x08']",1,101,False,必贏  ,bwin
bad,49.216.114.24,,267,"['xxxrecoil', 'xxxrecoil']",1,1,False,xxxrecoil,xxxrecoil
bad,140.112.73.54,,2448,"['MIKEmike07', '加油!']",1,1690,國立臺灣大學,加油!,MIKEmike07
bad,220.137.7.153,,1914,"['Y1999', 'y1999']",1,209,False,y1999,Y1999
bad,49.215.1.38,,324,"['hsw0502', '今天有點怪累']",1,0,False,今天有點怪累,hsw0502
bad,36.232.124.219,,4284,"['azytjr', '胡很大胡不用錢']",1,61,False,胡很大胡不用錢,azytjr
bad,219.85.132.243,,298,"['wtfconk', 'mean']",1,11,False,mean,wtfconk
bad,117.19.5.92,,1943,"['yjpu', 'Mr.flower']",1,16,False,Mr.flower,yjpu
bad,118.161.195.85,,4450,"['powerworld21', '世界']",1,31,False,世界,powerworld21
bad,49.218.116.242,,1972,"['ken12121984', 'Ken']",1,4,False,Ken,ken12121984
bad,39.10.168.235,,958,"['jacktypetlan', '四十四隻石獅子']",1,205,False,四十四隻石獅子,jacktypetlan
bad,36.234.94.31,,2806,"['uhmeiouramu', '優文老祖']",1,1249,False,優文老祖,uhmeiouramu
bad,35.2.185.243,,1996,"['mike5314', '呵呵安安科科QQ']",1,290,False,呵呵安安科科QQ,mike5314
bad,114.44.99.30,,1997,"['Headscarf', '頭巾']",1,81,False,頭巾,Headscarf
bad,111.83.82.192,,1640,"['mk60605', 'MK']",4,21,False,MK,mk60605
bad,114.46.53.249,,4203,"['am32jiwu06', 'Tsubasa']",1,480,False,Tsubasa,am32jiwu06
bad,111.253.139.103,,3497,"['rota', '賞你一記南拳讓你叫媽媽']",1,211,False,賞你一記南拳讓你叫媽媽,rota
bad,36.229.137.136,,1824,"['JJTDK', '蝙蝠']",1,90,False,蝙蝠,JJTDK
bad,115.82.35.178,,1449,"['CBING', '菲律賓王子']",1,3,False,菲律賓王子,CBING
bad,59.126.20.171,,1986,"['leophior', '']",9,48,False,,leophior
bad,175.182.46.47,,1855,"['koreawargod', '高麗戰神金正恩']",1,120,False,高麗戰神金正恩,koreawargod
bad,124.218.80.121,,3350,"['pemit', '城拔比']",1,454,False,城拔比,pemit
bad,111.83.110.13,,1819,"['henrry2024', '元杰']",1,3,False,元杰,henrry2024
bad,101.12.18.9,,1233,"['a24285293', '雞眼']",2,61,False,雞眼,a24285293
bad,106.1.234.44,,1273,"['blacktea5566', '黑茶56']",1,232,False,黑茶56,blacktea5566
bad,140.112.4.192,,264,"['hsdheart', '開心拯救世界']",1,0,國立臺灣大學,開心拯救世界,hsdheart
bad,49.216.134.156,,561,"['rrrrr123', '新巡者']",1,3,False,新巡者,rrrrr123
bad,124.6.20.41,,4095,"['Algieba', '']",1,93,False,,Algieba
bad,118.160.165.105,,927,"['Raushers', 'Raushers']",1,13,False,Raushers,Raushers
bad,180.204.65.120,,2559,"['skywithfish', '廢墟']",1,31,False,廢墟,skywithfish
bad,182.155.40.100,,2324,"['syu20730', 'CXAXG']",1,22,False,CXAXG,syu20730
bad,134.208.39.132,,540,"['pleasekobeme', '囧r/*\\']",1,76,國立東華大學,囧r/*\,pleasekobeme
bad,49.217.164.76,,2582,"['guzai', '~海海人生~']",1,36,False,~海海人生~,guzai
bad,111.83.49.17,,1635,"['moskywei', '牛']",2,37,False,牛,moskywei
bad,101.9.179.123,,1388,"['sanpo0108', '不要再打= =我頭好痛']",1,331,False,不要再打= =我頭好痛,sanpo0108
bad,140.117.247.219,,873,"['berry4011', 'Su_who']",1,0,國立中山大學,Su_who,berry4011
bad,203.77.50.168,,4296,"['ubcs', '覺★青年冒險蓋']",1,81,False,覺★青年冒險蓋,ubcs
bad,1.171.68.245,,2183,"['heerowei0802', '有鬼']",1,57,False,有鬼,heerowei0802
bad,219.85.164.66,,586,"['kevin194059', 'kevin']",2,1,False,kevin,kevin194059
bad,36.232.122.193,,4039,"['kula18', '洨']",1,142,False,洨,kula18
bad,114.34.120.65,,444,"['queryYOU', '偷看妳 啾咪 *.<']",1,56,False,偷看妳 啾咪 *.<,queryYOU
bad,123.193.211.127,,2948,"['haha99', '哈哈久久']",8,111,False,哈哈久久,haha99
bad,223.137.21.57,,2266,"['nanashan', 'CarpeDiem']",1,14,False,CarpeDiem,nanashan
bad,210.60.122.151,,1042,"['bkj123', 'BBBen']",2,3,False,BBBen,bkj123
bad,117.19.49.61,,1021,"['ji394snoopy', 'asdf60513']",1,1,False,asdf60513,ji394snoopy
bad,75.136.145.30,,2637,"['dralnu', '淡藍跑道燈']",1,36,False,淡藍跑道燈,dralnu
bad,223.140.82.249,,2048,"['uity', '當禍害才能活千年']",1,31,False,當禍害才能活千年,uity
bad,117.56.41.65,,3187,"['smonkey', '平均值之下']",1,79,False,平均值之下,smonkey
bad,111.249.223.217,,257,"['gpa0101', '糖份']",1,0,False,糖份,gpa0101
bad,223.138.173.208,,536,"['Jin63916', '摳幫瓦']",2,64,False,摳幫瓦,Jin63916
bad,223.136.50.214,,323,"['Rrrxddd', 'RRXD']",1,463,False,RRXD,Rrrxddd
bad,223.138.67.184,,1372,"['tokyoboy', '日本男孩']",1,171,False,日本男孩,tokyoboy
bad,1.165.104.167,,3019,"['season2011', '']",1,341,False,,season2011
bad,123.205.139.2,,3694,"['chungkuowei', 'arthur']",2,48,False,arthur,chungkuowei
bad,223.136.189.229,,507,"['AKIRA1258', '王八鬼子']",1,0,False,王八鬼子,AKIRA1258
bad,49.217.212.174,,947,"['Pttjoe0210', '批踢踢喬']",12,1,False,批踢踢喬,Pttjoe0210
bad,153.150.27.29,,3998,"['hugr86', 'sho']",1,73,False,sho,hugr86
bad,36.224.221.167,,4517,"['AKAHOSHI', '赤星']",1,61,False,赤星,AKAHOSHI
bad,118.161.147.160,,3773,"['Illus', '一路死']",2,523,False,一路死,Illus
bad,111.81.41.58,,4146,"['despair78214', '切絲哥']",1,271,False,切絲哥,despair78214
bad,223.136.63.237,,3647,"['ssd123698745', 'noel']",1,137,False,noel,ssd123698745
bad,115.43.140.184,,5708,"['hydrant', 'hydrant']",1,793,False,hydrant,hydrant
bad,180.204.180.162,,1481,"['a00819102', '路邊肥宅']",1,68,False,路邊肥宅,a00819102
bad,42.72.245.103,,5073,"['cwfy', '然後呢']",1,313,False,然後呢,cwfy
bad,223.136.195.227,,1169,"['ksxo', 'aa']",1,201,False,aa,ksxo
bad,42.73.84.79,,2370,"['changrabbit', '月犽小兔']",2,32,False,月犽小兔,changrabbit
bad,111.249.33.47,,2351,"['gh34163', '╰(☉-☉)╮ ╭(☉-☉)╯']",1,156,False,╰(☉-☉)╮ ╭(☉-☉)╯,gh34163
bad,118.166.170.3,,1373,"['dean5566', 'yagami']",1,164,False,yagami,dean5566
bad,59.127.59.128,,489,"['dolpy3269', '在天上飛的海豬仔']",3,1,False,在天上飛的海豬仔,dolpy3269
bad,223.136.8.252,,429,"['dlouder2655', '豆腐']",1,0,False,豆腐,dlouder2655
bad,101.10.7.149,,2712,"['omegajoker', 'omegajoker']",7,43,False,omegajoker,omegajoker
bad,36.239.14.117,,3352,"['jerrytmp', 'jerrytmp']",1,0,False,jerrytmp,jerrytmp
bad,36.224.6.178,,1030,"['david7112123', 'Ukuhama']",6,5,False,Ukuhama,david7112123
bad,114.41.114.49,,909,"['jun123rong', 'jun']",1,65,False,jun,jun123rong
bad,223.139.176.139,,1171,"['p16001017', 'qman']",1,6,False,qman,p16001017
bad,61.219.238.210,,1317,"['gaddafi', '格達費  \x08\x08迎未來 點亮臺灣']",6,25,False,格達費  迎未來 點亮臺灣,gaddafi
bad,36.239.40.81,,2950,"['angle065', 'Fu']",1,299,False,Fu,angle065
bad,134.208.39.132,,3162,"['dioib', '我要成為廢文王']",1,210,國立東華大學,我要成為廢文王,dioib
bad,180.204.102.129,,555,"['Maserati1914', '天下第一美少女是我']",1,50,False,天下第一美少女是我,Maserati1914
bad,1.34.55.52,,3023,"['kaosps2', '查理∼∼']",1,164,False,查理∼∼,kaosps2
bad,36.224.230.112,,653,"['imaxpayne', 'max']",1,21,False,max,imaxpayne
bad,114.36.59.23,,624,"['kuma52', '熊熊']",1,56,False,熊熊,kuma52
bad,114.42.7.12,,2393,"['aabbcdcd', '欸欸逼逼嘻低嘻低']",1,96,False,欸欸逼逼嘻低嘻低,aabbcdcd
bad,49.218.85.218,,346,"['yoshihuang8', 'iceking5566']",1,1,False,iceking5566,yoshihuang8
bad,27.247.136.190,,1368,"['tjtjtj', '新']",1,167,False,新,tjtjtj
bad,36.237.55.214,,454,"['loveyoucheng', '晴榜']",1,9,False,晴榜,loveyoucheng
bad,49.159.9.240,,1763,"['nan0205', 'nan0205']",1,47,False,nan0205,nan0205
bad,223.140.70.89,,1771,"['akaolu', 'akaolu']",1,181,False,akaolu,akaolu
bad,36.229.207.18,,3205,"['showforce', '秀佛阿~~~~斯']",1,428,False,秀佛阿~~~~斯,showforce
bad,114.44.193.164,,2350,"['ajim36', '阿泰ㄚㄚㄚ']",2,22,False,阿泰ㄚㄚㄚ,ajim36
bad,220.135.101.74,,448,"['spy03tw', 'spyf']",3,1,False,spyf,spy03tw
bad,140.128.67.196,,261,"['lince2357', 'Redox_0508']",1,0,中國醫藥大學,Redox_0508,lince2357
bad,36.235.250.98,,1717,"['hacker725x', 'Akuma']",4,45,False,Akuma,hacker725x
bad,1.160.55.51,,3991,"['broodworld', 'john']",1,44,False,john,broodworld
bad,122.121.200.125,,945,"['cht3000', '我是誰']",1,10,False,我是誰,cht3000
bad,220.137.17.241,,400,"['MONMONGA', '萌萌嘎']",2,14,False,萌萌嘎,MONMONGA
bad,134.208.39.132,,805,"['CCBaxter', '廢文是一門藝術']",1,126,國立東華大學,廢文是一門藝術,CCBaxter
bad,180.204.224.14,,1098,"['srwhite', '妖尾']",1,14,False,妖尾,srwhite
bad,101.10.18.195,,444,"['coaka', 'coaka']",1,11,False,coaka,coaka
bad,36.231.162.31,,1694,"['Curtis2009', '一個好人']",3,19,False,一個好人,Curtis2009
bad,180.217.195.138,,1271,"['YOGM', 'bigman']",1,20,False,bigman,YOGM
bad,101.9.48.248,,1139,"['gunies1111', 'winn']",1,23,False,winn,gunies1111
bad,58.115.25.186,,662,"['father7', 'father7']",1,13,False,father7,father7
bad,114.25.254.117,,2739,"['yus2201', '唷思\u3000厄厄玲亦']",1,58,False,唷思　厄厄玲亦,yus2201
bad,114.44.125.55,,1859,"['a72737363', 'CatRonnie']",1,89,False,CatRonnie,a72737363
bad,42.73.118.136,,4168,"['homer0403', '人活著就是為了學會珍惜']",19,237,False,人活著就是為了學會珍惜,homer0403
bad,39.9.98.82,,2430,"['Mugen0413', '無聊的過日子']",1,72,False,無聊的過日子,Mugen0413
bad,223.138.134.113,,1235,"['justinchiao', '甲洨斯汀']",1,51,False,甲洨斯汀,justinchiao
bad,223.140.161.149,,1185,"['AxelGod', 'Axel']",2,11,False,Axel,AxelGod
bad,36.227.32.86,,846,"['ge99764', '戰艦級肥宅']",1,10,False,戰艦級肥宅,ge99764
bad,123.195.207.253,,701,"['haner1725', '肥宅少女']",2,22,False,肥宅少女,haner1725
bad,220.136.70.167,,1880,"['oTmTo', '被動技才是王道!!']",1,236,False,被動技才是王道!!,oTmTo
bad,223.139.107.124,,623,"['whosmart', '-?']",1,12,False,-?,whosmart
bad,203.190.22.239,,3836,"['herro760920', '小希']",1,65,False,小希,herro760920
bad,117.19.34.89,,1261,"['COOLTARO', '魯到你會怕']",1,41,False,魯到你會怕,COOLTARO
bad,36.235.129.249,,1250,"['gg56', 'kugimiya rie']",1,521,False,kugimiya rie,gg56
bad,101.12.242.130,,831,"['gliu0403', '你好嗎我很好']",2,1,False,你好嗎我很好,gliu0403
bad,49.214.99.241,,860,"['aubyKDDI', 'aubyKDDI']",1,5,False,aubyKDDI,aubyKDDI
bad,111.249.33.47,,2351,"['gh34163', '╰(☉-☉)╮ ╭(☉-☉)╯']",1,156,False,╰(☉-☉)╮ ╭(☉-☉)╯,gh34163
bad,223.138.73.187,,1652,"['IamCuteGirl', 'CuteGirl5566']",1,2013,False,CuteGirl5566,IamCuteGirl
bad,114.136.150.147,,2486,"['a0170801708', '我是誰']",1,79,False,我是誰,a0170801708
bad,123.193.22.153,,5526,"['buckbug', ' ']",1,351,False, ,buckbug
bad,42.72.212.3,,2061,"['moonking3599', '天嶺峭梅傲霜岫']",3,116,False,天嶺峭梅傲霜岫,moonking3599
bad,111.254.9.101,,641,"['amos30627', 'Destiny']",1,1,False,Destiny,amos30627
bad,42.73.29.175,,827,"['a1qazbgt5', 'a1qazbgt5']",1,1,False,a1qazbgt5,a1qazbgt5
bad,36.230.18.47,,2707,"['leeheng', 'LHMa']",1,24,False,LHMa,leeheng
bad,114.183.58.239,,2473,"['arcanite', '不問歲月任風歌']",1,524,False,不問歲月任風歌,arcanite
bad,223.139.75.190,,1776,"['taiwanwang', '臺灣王']",1,98,False,臺灣王,taiwanwang
bad,112.104.108.86,,2771,"['andyyiu', '輸贏靠長相']",2,56,False,輸贏靠長相,andyyiu
bad,36.233.36.190,,2209,"['iqnine', '   ']",1,143,False,   ,iqnine
bad,140.112.73.32,,224,"['Barolo', 'Barolo']",1,1,國立臺灣大學,Barolo,Barolo
bad,42.72.168.122,,662,"['TZephyr', '塞佛']",1,1,False,塞佛,TZephyr
bad,223.140.26.214,,3974,"['Arnol', '還是太淺了']",1,519,False,還是太淺了,Arnol
bad,120.126.194.129,,841,"['washi54', '大尾魯蛇']",3,35,False,大尾魯蛇,washi54
bad,114.136.80.233,,2665,"['q033756345', '@@雞眼']",1,184,False,@@雞眼,q033756345
bad,122.121.223.125,,889,"['b3204203', 'brian']",1,0,False,brian,b3204203
bad,118.169.113.5,,682,"['littlestar66', '噓']",1,0,False,噓,littlestar66
bad,174.117.0.252,,430,"['s6031417', '曦和']",1,42,False,曦和,s6031417
bad,39.8.76.138,,742,"['a1357246f', '小李']",1,0,False,小李,a1357246f
bad,223.136.163.153,,1879,,1,476,False,,
bad,36.225.22.153,,649,"['death1915', 'cj']",1,0,False,cj,death1915
bad,111.240.16.241,,2433,"['lonelysam', '挺湖小旋風']",2,163,False,挺湖小旋風,lonelysam
bad,101.13.1.19,,2483,"['ads58791', 'Boreas']",1,19,False,Boreas,ads58791
bad,49.216.161.111,,981,"['digger5566', '西屯周渝民']",1,101,False,西屯周渝民,digger5566
bad,110.27.69.216,,4159,"['captainlee', 'Capt. Lee']",1,463,False,Capt. Lee,captainlee
bad,140.134.18.47,,6374,"['MurderKiller', '柳橙柚子']",1,556,逢甲大學,柳橙柚子,MurderKiller
bad,1.164.34.228,,854,"['ffzero', 'katsuragi']",1,1,False,katsuragi,ffzero
bad,59.125.186.252,,2976,"['km612tw', '渣']",7,12,False,渣,km612tw
bad,118.168.77.217,,1662,"['SPiCa0831', '麥穗星']",2,43,False,麥穗星,SPiCa0831
bad,111.184.56.219,,3094,"['snkcapcom', '大海男兒']",1,15,False,大海男兒,snkcapcom
bad,61.230.49.189,,879,"['zxc741qaz123', '好吃burger']",1,21,False,好吃burger,zxc741qaz123
bad,61.227.96.81,,1426,"['gospursgo21', 'spursfan']",2,3,False,spursfan,gospursgo21
bad,223.140.22.219,,2819,"['hellojames', 'HL']",1,28,False,HL,hellojames
bad,1.169.196.119,,2597,"['enjoyfafa', 'enjoyfafa']",1,33,False,enjoyfafa,enjoyfafa
bad,123.194.232.75,,3382,"['wk7', '想再年輕一次']",1,401,False,想再年輕一次,wk7
bad,36.228.176.184,,1873,"['a20351', '20351']",1,43,False,20351,a20351
bad,42.73.186.6,,489,"['csghuuguh', 'ggininder']",1,14,False,ggininder,csghuuguh
bad,101.9.194.135,,3587,"['okichan', '沖繩仔']",1,193,False,沖繩仔,okichan
bad,27.242.106.55,,3440,"['swgun', '楊  威利']",2,315,False,楊  威利,swgun
bad,223.139.8.9,,1385,"['abc21086999', '呵呵']",1,74,False,呵呵,abc21086999
bad,111.248.161.214,,738,"['cz75', '訣別的九月']",1,4,False,訣別的九月,cz75
bad,180.217.214.99,,1883,"['Saimmy', 'doing']",1,88,False,doing,Saimmy
bad,223.140.239.213,,648,"['goodahoq', 'GoodaHoq']",1,9,False,GoodaHoq,goodahoq
bad,61.224.74.100,,1396,"['CSIScofield', 'AJeoSis']",1,39,False,AJeoSis,CSIScofield
bad,117.19.87.16,,1647,"['s118374', 'LWS']",1,12,False,LWS,s118374
bad,1.160.33.231,,2537,"['TCLanLanLu', '比藍藍路還精']",1,108,False,比藍藍路還精,TCLanLanLu
bad,220.134.27.184,,2030,"['ueru204ru', 'li']",1,5,False,li,ueru204ru
bad,27.247.202.106,,2299,"['bread1094', '大愛']",1,2,False,大愛,bread1094
bad,39.8.162.132,,1425,"['Sunnyfu', '卡給拉扣扣']",1,157,False,卡給拉扣扣,Sunnyfu
bad,1.168.43.14,,3128,"['younglol', '喜羊羊']",5,171,False,喜羊羊,younglol
bad,42.72.178.223,,2039,"['Dreik', 'DerekWen']",1,69,False,DerekWen,Dreik
bad,111.82.49.134,,826,"['hyder1024', '新莊伊藤開司']",1,404,False,新莊伊藤開司,hyder1024
bad,42.72.232.103,,935,"['edwardaz01', '盜帳號的不要太誇張']",1,11,False,盜帳號的不要太誇張,edwardaz01
bad,114.136.48.163,,282,"['jj980734', '碎掉的玻璃心']",1,0,False,碎掉的玻璃心,jj980734
bad,223.141.207.238,,500,"['rui824257', 'ruei']",1,0,False,ruei,rui824257
bad,114.25.63.43,,926,,1,42,False,,
bad,36.225.40.181,,1255,"['kouyakushi', '黃老邪']",4,225,False,黃老邪,kouyakushi
bad,223.140.78.23,,269,"['fxxkptt', '發客批踢踢']",1,6,False,發客批踢踢,fxxkptt
bad,114.24.159.54,,2431,"['davemomo', '迷尼馬']",1,123,False,迷尼馬,davemomo
bad,118.171.169.69,,2469,"['SeTeVen', '']",3,16,False,,SeTeVen
bad,114.37.100.245,,3788,"['wubaii', '手指很鈍的吉他手']",1,324,False,手指很鈍的吉他手,wubaii
bad,1.172.143.122,,486,"['iewix', '多多喝水']",1,0,False,多多喝水,iewix
bad,223.140.0.76,,3129,"['BreezeMaple', 'BREEZE']",1,89,False,BREEZE,BreezeMaple
bad,61.223.72.179,,1093,"['shadleheart', '海上狸貓']",2,6,False,海上狸貓,shadleheart
bad,118.165.29.132,,660,"['jackie0804', '綠茶']",1,1,False,綠茶,jackie0804
bad,42.73.141.202,,1300,"['pgimjjkk', '小智明年得冠軍']",1,45,False,小智明年得冠軍,pgimjjkk
bad,122.116.152.35,,2038,"['Beard5566', '有禮貌的鬍子五六']",1,97,False,有禮貌的鬍子五六,Beard5566
bad,118.8.167.66,,2129,"['bbbyy', 'bbbyy']",1,31,False,bbbyy,bbbyy
bad,110.30.69.123,,513,"['mochi79726', '浪漫小綿羊']",1,1,False,浪漫小綿羊,mochi79726
bad,223.137.135.45,,1363,"['wt5665', '歐捏該蟻']",1,5,False,歐捏該蟻,wt5665
bad,114.46.227.113,,2675,"['jethro1122', '匪類']",1,10,False,匪類,jethro1122
bad,115.82.130.54,,2264,"['ienari', 'jimmy']",2,142,False,jimmy,ienari
bad,27.247.1.134,,1136,"['MAXcafe', 'MAX咖啡']",5,7,False,MAX咖啡,MAXcafe
bad,118.160.90.147,,3897,"['joety1103', '我要多一點時間']",2,280,False,我要多一點時間,joety1103
bad,1.169.79.234,,3829,"['purplvampire', '阿修雷']",2,516,False,阿修雷,purplvampire
bad,223.137.119.220,,4015,"['hoe1101', '摸摸']",1,266,False,摸摸,hoe1101
bad,98.5.146.33,,3569,"['chenn', '失 落 沙 洲']",1,85,False,失 落 沙 洲,chenn
bad,101.14.99.148,,746,"['skhten', 'skhten']",1,0,False,skhten,skhten
bad,223.141.31.44,,1102,"['obitop2012', 'NeoCheng']",2,0,False,NeoCheng,obitop2012
bad,42.78.137.51,,1872,"['werttrew', '發點優文賺P幣']",1,635,False,發點優文賺P幣,werttrew
bad,180.217.194.84,,891,"['monkeydpp', 'test']",1,19,False,test,monkeydpp
bad,61.231.137.193,,2496,"['Murasaki0110', '麥當勞歡樂送']",1,219,False,麥當勞歡樂送,Murasaki0110
bad,216.228.241.10,,283,"['ffreakoo', 'freako']",1,14,False,freako,ffreakoo
bad,115.82.33.163,,1071,"['clotpao', 'clot56']",1,67,False,clot56,clotpao
bad,42.66.191.66,,616,"['ralfeistein', '無名的ㄈㄓ王']",4,623,False,無名的ㄈㄓ王,ralfeistein
bad,114.39.101.172,,708,"['tony70017', '雷昂Heart']",1,2,False,雷昂Heart,tony70017
bad,1.161.79.137,,603,"['zeroknot', '我就矮你咬我啊']",1,12,False,我就矮你咬我啊,zeroknot
bad,1.160.17.95,,2086,"['anonym48', 'Inmyname']",1,162,False,Inmyname,anonym48
bad,42.66.102.112,,3488,"['Dix123', '小蔡']",1,947,False,小蔡,Dix123
bad,49.218.55.35,,643,"['scorpio8018', 'ahun']",1,6,False,ahun,scorpio8018
bad,42.73.61.153,,734,"['HappyboyEric', 'PokeMon-水系王者/水箭龜']",4,53,False,PokeMon-水系王者/水箭龜,HappyboyEric
bad,218.166.82.131,,2286,"['ha09875978', '￣▽￣""']",1,34,False,"￣▽￣""",ha09875978
bad,61.64.16.133,,756,"['kai0817', '背琴男子']",1,35,False,背琴男子,kai0817
bad,122.117.162.36,,430,"['dxdy', '=ρdρdφ']",1,264,False,=ρdρdφ,dxdy
bad,115.82.164.215,,625,"['ga595528', '輕浮小乞丐']",2,1,False,輕浮小乞丐,ga595528
bad,223.139.70.27,,1148,"['tama780', 'tama']",1,0,False,tama,tama780
bad,42.73.221.199,,579,"['tom40109', 'ohohha']",1,4,False,ohohha,tom40109
bad,1.163.170.233,,2734,"['longgnol', '嗯']",1,52,False,嗯,longgnol
bad,1.172.99.177,,275,"['badlock', 'cc']",1,2,False,cc,badlock
bad,112.105.253.143,,3075,"['DEATHKAZE', '光シ風ソЗЬみэみ']",1,138,False,光シ風ソЗЬみэみ,DEATHKAZE
bad,114.136.242.20,,609,"['D600dust', '力保王議員？科科加重處']",1,347,False,力保王議員？科科加重處,D600dust
bad,1.172.14.38,,677,"['salvatore111', 'Salvatore']",1,10,False,Salvatore,salvatore111
bad,61.230.202.7,,1084,"['rusly', '因風飛過薔薇']",1,26,False,因風飛過薔薇,rusly
bad,223.138.184.67,,909,"['kktt254', '.....']",1,18,False,.....,kktt254
bad,223.136.216.181,,1201,"['runacat', '貓尾巴']",1,12,False,貓尾巴,runacat
bad,180.217.30.151,,2730,"['NavyWind', 'NavyWind']",1,180,False,NavyWind,NavyWind
bad,220.137.17.241,,400,"['MONMONGA', '萌萌嘎']",4,14,False,萌萌嘎,MONMONGA
bad,114.38.0.229,,1497,"['GalLe5566', '給力5566']",4,2027,False,給力5566,GalLe5566
bad,223.140.14.94,,2514,"['byrt', '妳好嗎? 好久不見~']",1,11,False,妳好嗎? 好久不見~,byrt
bad,220.141.162.48,,5009,"['SuperHOW', '']",1,264,False,,SuperHOW
bad,180.204.105.60,,909,"['whitedeath', '喵喵股份有限公司董事長']",1,113,False,喵喵股份有限公司董事長,whitedeath
bad,223.136.251.187,,4512,"['POWERGUN', '']",1,150,False,,POWERGUN
bad,61.64.175.119,,559,"['Octopus56', '得體母豬下的子民']",4,54,False,得體母豬下的子民,Octopus56
bad,111.253.47.19,,4318,"['dafo', '王大佛']",1,330,False,王大佛,dafo
bad,69.243.25.42,,3762,"['UncleGary', '阿甫']",1,64,False,阿甫,UncleGary
bad,1.171.133.12,,508,"['chinnez', '稜靘']",1,24,False,稜靘,chinnez
bad,101.11.2.153,,1739,"['icexfox', '東玉景']",1,71,False,東玉景,icexfox
bad,180.217.183.200,,1348,"['SkY86888', '薩提斯']",1,19,False,薩提斯,SkY86888
bad,138.51.118.146,,479,"['Qe098149001', '蘭州燒餅']",1,0,False,蘭州燒餅,Qe098149001
bad,123.194.232.75,,3382,"['wk7', '想再年輕一次']",1,401,False,想再年輕一次,wk7
bad,39.12.169.180,,341,"['reality6699', '皮亞諾']",1,3,False,皮亞諾,reality6699
bad,111.243.61.188,,1681,"['WrongHole', 'Woo~']",1,174,False,Woo~,WrongHole
bad,220.135.37.123,,2027,"['RW2010', 'Guidance']",3,101,False,Guidance,RW2010
bad,122.121.100.133,,799,"['Skyger5566', 'Sky哥']",1,25,False,Sky哥,Skyger5566
bad,59.102.189.139,,533,"['Alu76521', 'megumi(  \x08\x08<)']",1,4,False,megumi(  <),Alu76521
bad,101.99.11.106,,3838,"['snoopy920', '.........']",1,29,False,.........,snoopy920
bad,134.208.39.132,,668,"['BigBaby11', '黑寶']",1,78,國立東華大學,黑寶,BigBaby11
bad,1.200.219.207,,1810,"['qscfthmj', '口罩']",1,2,False,口罩,qscfthmj
bad,101.10.49.199,,1300,"['todayistoday', '今天就是今天']",1,1,False,今天就是今天,todayistoday
bad,112.105.116.170,,3329,"['ljxc', '聖•肥宅']",1,337,False,聖•肥宅,ljxc
bad,223.137.154.126,,1819,"['NewIdentity', 'New Life']",1,45,False,New Life,NewIdentity
bad,114.136.12.140,,1107,"['M013', '13']",1,0,False,13,M013
bad,115.43.125.66,,656,"['ismydear', 'ismydear']",1,96,False,ismydear,ismydear
bad,36.229.106.248,,227,"['bn5514', '唉恩居']",1,1,False,唉恩居,bn5514
bad,101.9.68.165,,2601,"['kudoe', 'kir']",1,7,False,kir,kudoe
bad,223.140.72.147,,308,"['MGou', 'M哥']",1,1,False,M哥,MGou
bad,180.217.170.192,,1937,"['murosaora', '慕容']",2,14,False,慕容,murosaora
bad,114.42.65.2,,784,"['GalladonLin', 'Galladon']",1,3,False,Galladon,GalladonLin
bad,1.162.32.81,,355,"['heinse', 'heinse']",1,3,False,heinse,heinse
bad,223.137.191.141,,2389,"['kazake', '飛得位。江霞']",1,110,False,飛得位。江霞,kazake
bad,124.11.187.2,,1969,"['JIM235', 'Duca']",1,32,False,Duca,JIM235
bad,223.138.58.62,,336,"['nippleman', '奶頭人']",1,44,False,奶頭人,nippleman
bad,223.137.109.44,,1203,"['arongg', '彈珠汽水']",1,18,False,彈珠汽水,arongg
bad,114.24.12.152,,4569,"['flybow', 'yyyyyyyy']",2,622,False,yyyyyyyy,flybow
bad,61.223.198.171,,897,"['zzz71084482', 'HyperStar']",1,17,False,HyperStar,zzz71084482
bad,114.183.58.239,,2473,"['arcanite', '不問歲月任風歌']",1,524,False,不問歲月任風歌,arcanite
bad,124.218.37.132,,3768,"['a8017700', '沒有咖稱']",1,1188,False,沒有咖稱,a8017700
bad,180.204.35.22,,2771,"['g8330330', '負債700萬']",1,582,False,負債700萬,g8330330
bad,1.160.175.146,,1908,"['re340', 'Manigabee']",1,30,False,Manigabee,re340
bad,182.235.118.136,,2405,"['dennis7653', '狗兒']",1,162,False,狗兒,dennis7653
bad,42.73.156.103,,1049,"['zp3m06', 'bb']",1,69,False,bb,zp3m06
bad,218.161.124.145,,1890,"['aburolu', ' ']",1,134,False, ,aburolu
bad,122.116.42.192,,456,"['JackyLins', 'JackyLin']",1,4,False,JackyLin,JackyLins
bad,180.177.179.10,,2842,"['dasos', ' ']",1,35,False, ,dasos
bad,111.82.31.98,,1085,"['SamWhite', '負心每是讀書人']",1,81,False,負心每是讀書人,SamWhite
bad,123.204.178.29,,5101,"['lovetina', '顏回模式']",1,1113,False,顏回模式,lovetina
bad,134.208.57.16,,266,"['Karrigan777', '我很棒']",1,7,國立東華大學,我很棒,Karrigan777
bad,1.174.147.137,,2518,"['abc0922001', '中士abc']",1,417,False,中士abc,abc0922001
bad,49.214.32.76,,671,"['bryan21xxx', 'BryanZZZZZZZZZZZZZZ']",1,7,False,BryanZZZZZZZZZZZZZZ,bryan21xxx
bad,27.247.36.36,,2634,"['thecc', 'Tcc']",1,32,False,Tcc,thecc
